product_id,product_name,category,description,material,grade,size,price,unit,MOQ,supplier,location,availability,rating
P0001,HDPE Granules,Plastic,Industrial quality product suitable for bulk commercial procurement. HDPE Granules in 1000 kg specification.,HDPE,Injection Grade,1000 kg,126.33,piece,500,National Engineering Works,Hyderabad,In Stock,4.4
P0002,Stainless Steel Pipe 304,Steel,Reliable supplier-grade material for manufacturing and industrial use. Stainless Steel Pipe 304 in 1 inch specification.,Stainless steel,304,1 inch,166.08,kg,250,Metro Industrial Supplies,Bengaluru,Limited Stock,3.8
P0003,AAC Block,Construction Materials,Reliable supplier-grade material for manufacturing and industrial use. AAC Block in 600x200x100 mm specification.,Autoclaved Aerated Concrete,Grade 4,600x200x100 mm,1259.67,box,50,Sri Lakshmi Enterprises,Erode,In Stock,4.9
P0004,Corrugated Shipping Box,Packaging,"Suitable for wholesale buyers, distributors, and regular business orders. Corrugated Shipping Box in 12x10x8 inch specification.",Kraft Paper,5 Ply,12x10x8 inch,28.7,box,1000,South India Materials,Salem,In Stock,4.6
P0005,Automotive Brake Pad,Automotive,Reliable supplier-grade material for manufacturing and industrial use. Automotive Brake Pad in Rear specification.,Semi Metallic,OEM Grade,Rear,6691.68,box,250,Prime Traders,Coimbatore,In Stock,3.6
P0006,Cotton Grey Fabric,Textiles,Quality-tested product with bulk supply capability. Cotton Grey Fabric in 44 inch specification.,Cotton,Greige,44 inch,795.86,meter,50,Metro Industrial Supplies,Bengaluru,In Stock,3.7
P0007,PP Woven Sack,Packaging,Reliable supplier-grade material for manufacturing and industrial use. PP Woven Sack in 50 kg specification.,Polypropylene,Laminated,50 kg,234.48,kg,50,Universal B2B Supplies,Kolkata,In Stock,3.7
P0008,Hydraulic Press Machine,Machinery,"Suitable for wholesale buyers, distributors, and regular business orders. Hydraulic Press Machine in 100 Ton specification.",Steel,Hydraulic,100 Ton,345246.1,piece,5,Universal B2B Supplies,Kolkata,In Stock,3.8
P0009,GI Steel Sheet,Steel,Quality-tested product with bulk supply capability. GI Steel Sheet in 2 mm specification.,Galvanized steel,IS 277,2 mm,104.49,box,25,National Engineering Works,Hyderabad,Limited Stock,4.8
P0010,Stainless Steel Nut,Hardware,"Suitable for wholesale buyers, distributors, and regular business orders. Stainless Steel Nut in M10 specification.",Stainless Steel,304,M10,371.45,kg,1000,Sri Lakshmi Enterprises,Erode,Limited Stock,4.8
P0011,Hydraulic Press Machine,Machinery,Industrial quality product suitable for bulk commercial procurement. Hydraulic Press Machine in 20 Ton specification.,Steel,Hydraulic,20 Ton,317977.62,piece,1,Sri Lakshmi Enterprises,Erode,In Stock,3.7
P0012,Industrial Electrical Switch,Electrical,"Suitable for wholesale buyers, distributors, and regular business orders. Industrial Electrical Switch in 63A specification.",Polycarbonate,Heavy Duty,63A,1035.75,meter,250,Prime Traders,Coimbatore,In Stock,4.5
P0013,PVC Resin,Plastic,Quality-tested product with bulk supply capability. PVC Resin in 1000 kg specification.,PVC,K67,1000 kg,95.66,meter,25,Global Trade Hub,Mumbai,In Stock,4.9
P0014,Citric Acid Powder,Chemicals,"Suitable for wholesale buyers, distributors, and regular business orders. Citric Acid Powder in 25 kg specification.",Citric Acid,Food Grade,25 kg,184.3,piece,25,Apex Components,Delhi,In Stock,4.3
P0015,Automotive Brake Pad,Automotive,"Suitable for wholesale buyers, distributors, and regular business orders. Automotive Brake Pad in Rear specification.",Semi Metallic,OEM Grade,Rear,380.8,box,1000,Kaveri Industrial Solutions,Madurai,In Stock,3.6
P0016,Portland Cement,Construction Materials,Reliable supplier-grade material for manufacturing and industrial use. Portland Cement in 25 kg specification.,Cement,OPC 53 Grade,25 kg,879.92,kg,1000,Universal B2B Supplies,Kolkata,In Stock,4.5
P0017,Engine Oil Filter,Automotive,Reliable supplier-grade material for manufacturing and industrial use. Engine Oil Filter in Medium specification.,Steel,OEM Grade,Medium,10488.33,meter,25,Techno Supply Co,Pune,In Stock,4.1
P0018,PET Packaging Bottle,Packaging,"Suitable for wholesale buyers, distributors, and regular business orders. PET Packaging Bottle in 1 L specification.",PET,Food Grade,1 L,34.65,piece,50,Kaveri Industrial Solutions,Madurai,In Stock,4.4
P0019,Polyester Fabric Roll,Textiles,Industrial quality product suitable for bulk commercial procurement. Polyester Fabric Roll in 1.5 m specification.,Polyester,Knitted,1.5 m,672.12,kg,25,Prime Traders,Coimbatore,In Stock,4.8
P0020,PP Granules,Plastic,Quality-tested product with bulk supply capability. PP Granules in 500 kg specification.,Polypropylene,Injection Grade,500 kg,181.65,piece,500,Apex Components,Delhi,In Stock,4.7
P0021,CNC Turning Machine,Machinery,Quality-tested product with bulk supply capability. CNC Turning Machine in 2 Axis specification.,Cast Iron,CNC,2 Axis,403915.08,piece,2,Prime Traders,Coimbatore,Limited Stock,4.2
P0022,Stainless Steel Pipe 304,Steel,Reliable supplier-grade material for manufacturing and industrial use. Stainless Steel Pipe 304 in 1 inch specification.,Stainless steel,304,1 inch,349.44,kg,25,South India Materials,Salem,In Stock,4.3
P0023,Industrial Electrical Switch,Electrical,Industrial quality product suitable for bulk commercial procurement. Industrial Electrical Switch in 16A specification.,Polycarbonate,Heavy Duty,16A,1221.05,kg,100,National Engineering Works,Hyderabad,In Stock,4.5
P0024,Automotive Brake Pad,Automotive,Reliable supplier-grade material for manufacturing and industrial use. Automotive Brake Pad in Front specification.,Semi Metallic,OEM Grade,Front,2120.79,meter,100,Metro Industrial Supplies,Bengaluru,Limited Stock,4.9
P0025,Industrial Electrical Switch,Electrical,Quality-tested product with bulk supply capability. Industrial Electrical Switch in 16A specification.,Polycarbonate,Heavy Duty,16A,751.18,meter,50,South India Materials,Salem,Limited Stock,3.7
P0026,Citric Acid Powder,Chemicals,"Suitable for wholesale buyers, distributors, and regular business orders. Citric Acid Powder in 25 kg specification.",Citric Acid,Food Grade,25 kg,381.08,kg,500,Evergreen Manufacturing,Ahmedabad,In Stock,3.6
P0027,Stainless Steel Nut,Hardware,Industrial quality product suitable for bulk commercial procurement. Stainless Steel Nut in M6 specification.,Stainless Steel,304,M6,122.01,piece,50,Techno Supply Co,Pune,In Stock,4.1
P0028,Ceramic Wall Tile,Construction Materials,"Suitable for wholesale buyers, distributors, and regular business orders. Ceramic Wall Tile in 600x600 mm specification.",Ceramic,Glossy,600x600 mm,81.14,kg,100,Evergreen Manufacturing,Ahmedabad,In Stock,3.8
P0029,PP Woven Sack,Packaging,Quality-tested product with bulk supply capability. PP Woven Sack in 50 kg specification.,Polypropylene,Laminated,50 kg,37.07,kg,250,South India Materials,Salem,In Stock,4.9
P0030,HDPE Granules,Plastic,Reliable supplier-grade material for manufacturing and industrial use. HDPE Granules in 500 kg specification.,HDPE,Injection Grade,500 kg,299.64,kg,10,Evergreen Manufacturing,Ahmedabad,In Stock,3.7
P0031,Corrugated Shipping Box,Packaging,"Suitable for wholesale buyers, distributors, and regular business orders. Corrugated Shipping Box in 12x10x8 inch specification.",Kraft Paper,5 Ply,12x10x8 inch,74.82,box,1000,Global Trade Hub,Mumbai,In Stock,4.5
P0032,Automotive Rubber Hose,Automotive,Industrial quality product suitable for bulk commercial procurement. Automotive Rubber Hose in 1 inch specification.,EPDM Rubber,Heat Resistant,1 inch,11276.32,piece,50,Prime Traders,Coimbatore,In Stock,4.6
P0033,LED Panel Light,Electrical,"Suitable for wholesale buyers, distributors, and regular business orders. LED Panel Light in 24W specification.",Aluminium,Commercial,24W,621.3,box,25,Evergreen Manufacturing,Ahmedabad,Limited Stock,3.9
P0034,Stainless Steel Pipe 304,Steel,Reliable supplier-grade material for manufacturing and industrial use. Stainless Steel Pipe 304 in 4 inch specification.,Stainless steel,304,4 inch,96.31,box,1000,National Engineering Works,Hyderabad,In Stock,3.7
P0035,Industrial Bearing,Hardware,Industrial quality product suitable for bulk commercial procurement. Industrial Bearing in 6202 specification.,Chrome Steel,6200 Series,6202,114.72,kg,100,Prime Traders,Coimbatore,In Stock,4.4
P0036,Industrial Electrical Switch,Electrical,Reliable supplier-grade material for manufacturing and industrial use. Industrial Electrical Switch in 16A specification.,Polycarbonate,Heavy Duty,16A,853.65,kg,50,ABC Industries,Chennai,In Stock,4.5
P0037,PET Packaging Bottle,Packaging,Reliable supplier-grade material for manufacturing and industrial use. PET Packaging Bottle in 1 L specification.,PET,Food Grade,1 L,42.87,piece,100,Universal B2B Supplies,Kolkata,Limited Stock,3.5
P0038,PET Packaging Bottle,Packaging,Industrial quality product suitable for bulk commercial procurement. PET Packaging Bottle in 1 L specification.,PET,Food Grade,1 L,203.63,box,100,Universal B2B Supplies,Kolkata,Limited Stock,4.8
P0039,Stainless Steel Nut,Hardware,Industrial quality product suitable for bulk commercial procurement. Stainless Steel Nut in M8 specification.,Stainless Steel,304,M8,525.79,piece,100,Kaveri Industrial Solutions,Madurai,In Stock,4.1
P0040,Caustic Soda Flakes,Chemicals,"Suitable for wholesale buyers, distributors, and regular business orders. Caustic Soda Flakes in 50 kg specification.",Sodium Hydroxide,Industrial Grade,50 kg,338.67,meter,500,Global Trade Hub,Mumbai,In Stock,3.7
P0041,Citric Acid Powder,Chemicals,"Suitable for wholesale buyers, distributors, and regular business orders. Citric Acid Powder in 50 kg specification.",Citric Acid,Food Grade,50 kg,98.78,meter,50,ABC Industries,Chennai,Limited Stock,4.4
P0042,Automotive Brake Pad,Automotive,Quality-tested product with bulk supply capability. Automotive Brake Pad in Rear specification.,Semi Metallic,OEM Grade,Rear,2402.43,kg,500,Evergreen Manufacturing,Ahmedabad,In Stock,4.3
P0043,Engine Oil Filter,Automotive,"Suitable for wholesale buyers, distributors, and regular business orders. Engine Oil Filter in Medium specification.",Steel,OEM Grade,Medium,979.19,box,250,South India Materials,Salem,In Stock,4.6
P0044,Calcium Carbonate Powder,Chemicals,Reliable supplier-grade material for manufacturing and industrial use. Calcium Carbonate Powder in 1000 kg specification.,Calcium Carbonate,Industrial Grade,1000 kg,196.78,box,250,South India Materials,Salem,In Stock,4.1
P0045,CNC Turning Machine,Machinery,"Suitable for wholesale buyers, distributors, and regular business orders. CNC Turning Machine in 3 Axis specification.",Cast Iron,CNC,3 Axis,340063.9,piece,1,South India Materials,Salem,In Stock,3.8
P0046,AAC Block,Construction Materials,Quality-tested product with bulk supply capability. AAC Block in 600x200x150 mm specification.,Autoclaved Aerated Concrete,Grade 4,600x200x150 mm,801.47,piece,250,Kaveri Industrial Solutions,Madurai,In Stock,4.5
P0047,Calcium Carbonate Powder,Chemicals,Reliable supplier-grade material for manufacturing and industrial use. Calcium Carbonate Powder in 25 kg specification.,Calcium Carbonate,Industrial Grade,25 kg,352.76,piece,1000,Metro Industrial Supplies,Bengaluru,In Stock,3.5
P0048,Industrial Polyester Yarn,Textiles,Quality-tested product with bulk supply capability. Industrial Polyester Yarn in 40s specification.,Polyester,Spun,40s,475.22,piece,500,Prime Traders,Coimbatore,Limited Stock,4.1
P0049,Copper Electrical Cable,Electrical,Reliable supplier-grade material for manufacturing and industrial use. Copper Electrical Cable in 1.5 sq mm specification.,Copper,FR,1.5 sq mm,640.84,meter,10,South India Materials,Salem,In Stock,4.2
P0050,Door Hinge,Hardware,Quality-tested product with bulk supply capability. Door Hinge in 4 inch specification.,Stainless Steel,Heavy Duty,4 inch,1222.88,kg,500,Evergreen Manufacturing,Ahmedabad,In Stock,4.6
P0051,Industrial Bearing,Hardware,Quality-tested product with bulk supply capability. Industrial Bearing in 6205 specification.,Chrome Steel,6200 Series,6205,1260.11,box,1000,Metro Industrial Supplies,Bengaluru,In Stock,3.9
P0052,PVC Resin,Plastic,Reliable supplier-grade material for manufacturing and industrial use. PVC Resin in 25 kg specification.,PVC,K67,25 kg,147.24,kg,25,National Engineering Works,Hyderabad,In Stock,4.1
P0053,MCB Circuit Breaker,Electrical,Industrial quality product suitable for bulk commercial procurement. MCB Circuit Breaker in 6A specification.,Thermoplastic,B Curve,6A,1090.09,meter,100,South India Materials,Salem,In Stock,4.7
P0054,Industrial Air Compressor,Machinery,"Suitable for wholesale buyers, distributors, and regular business orders. Industrial Air Compressor in 15 HP specification.",Cast Iron,Reciprocating,15 HP,299263.35,piece,2,South India Materials,Salem,Limited Stock,4.8
P0055,CNC Turning Machine,Machinery,Industrial quality product suitable for bulk commercial procurement. CNC Turning Machine in 3 Axis specification.,Cast Iron,CNC,3 Axis,181937.8,piece,2,Metro Industrial Supplies,Bengaluru,Limited Stock,4.0
P0056,CNC Turning Machine,Machinery,Industrial quality product suitable for bulk commercial procurement. CNC Turning Machine in 3 Axis specification.,Cast Iron,CNC,3 Axis,588915.14,piece,5,Sri Lakshmi Enterprises,Erode,Limited Stock,4.4
P0057,Stainless Steel Pipe 304,Steel,"Suitable for wholesale buyers, distributors, and regular business orders. Stainless Steel Pipe 304 in 4 inch specification.",Stainless steel,304,4 inch,400.74,piece,10,Sri Lakshmi Enterprises,Erode,Limited Stock,4.0
P0058,Door Hinge,Hardware,Industrial quality product suitable for bulk commercial procurement. Door Hinge in 4 inch specification.,Stainless Steel,Heavy Duty,4 inch,418.83,box,250,South India Materials,Salem,Limited Stock,3.5
P0059,Automotive Brake Pad,Automotive,Industrial quality product suitable for bulk commercial procurement. Automotive Brake Pad in Rear specification.,Semi Metallic,OEM Grade,Rear,7854.21,kg,1000,Metro Industrial Supplies,Bengaluru,In Stock,3.8
P0060,Carbon Steel Pipe,Steel,Reliable supplier-grade material for manufacturing and industrial use. Carbon Steel Pipe in 2 inch specification.,Carbon steel,IS 2062,2 inch,255.22,kg,250,Sri Lakshmi Enterprises,Erode,Limited Stock,4.5
P0061,PP Woven Sack,Packaging,Industrial quality product suitable for bulk commercial procurement. PP Woven Sack in 25 kg specification.,Polypropylene,Laminated,25 kg,241.36,piece,1000,Sri Lakshmi Enterprises,Erode,In Stock,4.4
P0062,Industrial Water Pump,Machinery,Reliable supplier-grade material for manufacturing and industrial use. Industrial Water Pump in 10 HP specification.,Cast Iron,Centrifugal,10 HP,68697.97,piece,5,Metro Industrial Supplies,Bengaluru,In Stock,4.5
P0063,Caustic Soda Flakes,Chemicals,"Suitable for wholesale buyers, distributors, and regular business orders. Caustic Soda Flakes in 25 kg specification.",Sodium Hydroxide,Industrial Grade,25 kg,289.74,box,10,Global Trade Hub,Mumbai,In Stock,4.8
P0064,Hex Bolt,Hardware,Quality-tested product with bulk supply capability. Hex Bolt in M12 specification.,Carbon Steel,Grade 8.8,M12,954.11,box,100,Global Trade Hub,Mumbai,In Stock,4.6
P0065,Titanium Dioxide,Chemicals,Reliable supplier-grade material for manufacturing and industrial use. Titanium Dioxide in 500 kg specification.,Titanium Dioxide,Rutile Grade,500 kg,421.58,box,50,South India Materials,Salem,In Stock,3.9
P0066,Stainless Steel Nut,Hardware,Industrial quality product suitable for bulk commercial procurement. Stainless Steel Nut in M12 specification.,Stainless Steel,304,M12,916.28,box,250,Evergreen Manufacturing,Ahmedabad,Limited Stock,4.8
P0067,Industrial Electrical Switch,Electrical,"Suitable for wholesale buyers, distributors, and regular business orders. Industrial Electrical Switch in 16A specification.",Polycarbonate,Heavy Duty,16A,2018.84,box,50,Global Trade Hub,Mumbai,In Stock,4.3
P0068,100% Cotton T-Shirt,Textiles,Quality-tested product with bulk supply capability. 100% Cotton T-Shirt in M specification.,Cotton,Combed,M,437.01,piece,500,Universal B2B Supplies,Kolkata,Limited Stock,4.2
P0069,Stainless Steel Pipe 304,Steel,"Suitable for wholesale buyers, distributors, and regular business orders. Stainless Steel Pipe 304 in 3 inch specification.",Stainless steel,304,3 inch,229.63,piece,50,Metro Industrial Supplies,Bengaluru,Limited Stock,4.3
P0070,PET Packaging Bottle,Packaging,"Suitable for wholesale buyers, distributors, and regular business orders. PET Packaging Bottle in 1 L specification.",PET,Food Grade,1 L,86.04,kg,500,Techno Supply Co,Pune,In Stock,3.9
P0071,PP Granules,Plastic,Reliable supplier-grade material for manufacturing and industrial use. PP Granules in 500 kg specification.,Polypropylene,Injection Grade,500 kg,240.86,piece,25,Prime Traders,Coimbatore,Limited Stock,3.9
P0072,AAC Block,Construction Materials,"Suitable for wholesale buyers, distributors, and regular business orders. AAC Block in 600x200x100 mm specification.",Autoclaved Aerated Concrete,Grade 4,600x200x100 mm,540.28,box,25,Metro Industrial Supplies,Bengaluru,In Stock,4.6
P0073,LED Panel Light,Electrical,Quality-tested product with bulk supply capability. LED Panel Light in 12W specification.,Aluminium,Commercial,12W,1436.99,piece,500,ABC Industries,Chennai,In Stock,4.8
P0074,AAC Block,Construction Materials,"Suitable for wholesale buyers, distributors, and regular business orders. AAC Block in 600x200x150 mm specification.",Autoclaved Aerated Concrete,Grade 4,600x200x150 mm,798.44,piece,10,Kaveri Industrial Solutions,Madurai,Limited Stock,3.7
P0075,LDPE Film Roll,Plastic,Reliable supplier-grade material for manufacturing and industrial use. LDPE Film Roll in 100 micron specification.,LDPE,Film Grade,100 micron,202.71,kg,25,Prime Traders,Coimbatore,In Stock,3.6
P0076,100% Cotton T-Shirt,Textiles,Quality-tested product with bulk supply capability. 100% Cotton T-Shirt in XL specification.,Cotton,Combed,XL,584.98,piece,1000,Evergreen Manufacturing,Ahmedabad,Limited Stock,4.9
P0077,Titanium Dioxide,Chemicals,Reliable supplier-grade material for manufacturing and industrial use. Titanium Dioxide in 500 kg specification.,Titanium Dioxide,Rutile Grade,500 kg,329.46,kg,1000,Evergreen Manufacturing,Ahmedabad,In Stock,3.9
P0078,PP Granules,Plastic,Quality-tested product with bulk supply capability. PP Granules in 25 kg specification.,Polypropylene,Injection Grade,25 kg,196.96,piece,10,Sri Lakshmi Enterprises,Erode,Limited Stock,4.5
P0079,Door Hinge,Hardware,Industrial quality product suitable for bulk commercial procurement. Door Hinge in 3 inch specification.,Stainless Steel,Heavy Duty,3 inch,433.58,box,500,Metro Industrial Supplies,Bengaluru,In Stock,4.9
P0080,Ceramic Wall Tile,Construction Materials,Reliable supplier-grade material for manufacturing and industrial use. Ceramic Wall Tile in 300x600 mm specification.,Ceramic,Glossy,300x600 mm,984.77,piece,50,Prime Traders,Coimbatore,In Stock,3.6
P0081,Calcium Carbonate Powder,Chemicals,Quality-tested product with bulk supply capability. Calcium Carbonate Powder in 500 kg specification.,Calcium Carbonate,Industrial Grade,500 kg,260.91,box,500,Prime Traders,Coimbatore,In Stock,4.3
P0082,Industrial Bearing,Hardware,"Suitable for wholesale buyers, distributors, and regular business orders. Industrial Bearing in 6202 specification.",Chrome Steel,6200 Series,6202,61.71,box,250,Evergreen Manufacturing,Ahmedabad,In Stock,3.6
P0083,Portland Cement,Construction Materials,Quality-tested product with bulk supply capability. Portland Cement in 50 kg specification.,Cement,OPC 53 Grade,50 kg,82.01,piece,100,Evergreen Manufacturing,Ahmedabad,In Stock,3.8
P0084,Construction Plywood,Construction Materials,Quality-tested product with bulk supply capability. Construction Plywood in 18 mm specification.,Hardwood,MR Grade,18 mm,1744.61,meter,50,Kaveri Industrial Solutions,Madurai,In Stock,4.0
P0085,PP Granules,Plastic,Quality-tested product with bulk supply capability. PP Granules in 500 kg specification.,Polypropylene,Injection Grade,500 kg,229.54,box,500,South India Materials,Salem,In Stock,4.2
P0086,Stretch Film Roll,Packaging,Industrial quality product suitable for bulk commercial procurement. Stretch Film Roll in 30 micron specification.,LLDPE,Industrial,30 micron,242.7,box,1000,Prime Traders,Coimbatore,Limited Stock,4.1
P0087,Cotton Grey Fabric,Textiles,"Suitable for wholesale buyers, distributors, and regular business orders. Cotton Grey Fabric in 60 inch specification.",Cotton,Greige,60 inch,607.82,kg,25,Kaveri Industrial Solutions,Madurai,In Stock,4.9
P0088,Industrial Bearing,Hardware,Reliable supplier-grade material for manufacturing and industrial use. Industrial Bearing in 6202 specification.,Chrome Steel,6200 Series,6202,1459.77,kg,100,ABC Industries,Chennai,In Stock,4.3
P0089,Lead Acid Automotive Battery,Automotive,Industrial quality product suitable for bulk commercial procurement. Lead Acid Automotive Battery in 35 Ah specification.,Lead Acid,Maintenance Free,35 Ah,11908.25,kg,100,Metro Industrial Supplies,Bengaluru,In Stock,4.2
P0090,Calcium Carbonate Powder,Chemicals,Reliable supplier-grade material for manufacturing and industrial use. Calcium Carbonate Powder in 500 kg specification.,Calcium Carbonate,Industrial Grade,500 kg,491.11,piece,100,Kaveri Industrial Solutions,Madurai,Limited Stock,3.8
P0091,Ceramic Wall Tile,Construction Materials,"Suitable for wholesale buyers, distributors, and regular business orders. Ceramic Wall Tile in 300x450 mm specification.",Ceramic,Glossy,300x450 mm,1393.09,meter,50,National Engineering Works,Hyderabad,In Stock,3.9
P0092,Titanium Dioxide,Chemicals,Quality-tested product with bulk supply capability. Titanium Dioxide in 25 kg specification.,Titanium Dioxide,Rutile Grade,25 kg,292.36,box,50,Kaveri Industrial Solutions,Madurai,Limited Stock,4.9
P0093,Polyester Fabric Roll,Textiles,"Suitable for wholesale buyers, distributors, and regular business orders. Polyester Fabric Roll in 2 m specification.",Polyester,Knitted,2 m,302.18,meter,10,South India Materials,Salem,Limited Stock,4.6
P0094,Industrial Water Pump,Machinery,Industrial quality product suitable for bulk commercial procurement. Industrial Water Pump in 10 HP specification.,Cast Iron,Centrifugal,10 HP,588970.43,piece,2,Apex Components,Delhi,In Stock,4.3
P0095,AAC Block,Construction Materials,Reliable supplier-grade material for manufacturing and industrial use. AAC Block in 600x200x100 mm specification.,Autoclaved Aerated Concrete,Grade 4,600x200x100 mm,188.48,meter,10,Kaveri Industrial Solutions,Madurai,Limited Stock,4.8
P0096,Copper Electrical Cable,Electrical,Industrial quality product suitable for bulk commercial procurement. Copper Electrical Cable in 6 sq mm specification.,Copper,FR,6 sq mm,925.78,meter,500,National Engineering Works,Hyderabad,In Stock,4.8
P0097,Lead Acid Automotive Battery,Automotive,Industrial quality product suitable for bulk commercial procurement. Lead Acid Automotive Battery in 55 Ah specification.,Lead Acid,Maintenance Free,55 Ah,8666.8,meter,1000,Apex Components,Delhi,In Stock,3.9
P0098,Citric Acid Powder,Chemicals,Reliable supplier-grade material for manufacturing and industrial use. Citric Acid Powder in 25 kg specification.,Citric Acid,Food Grade,25 kg,490.25,kg,100,South India Materials,Salem,In Stock,4.9
P0099,GI Steel Sheet,Steel,Reliable supplier-grade material for manufacturing and industrial use. GI Steel Sheet in 0.5 mm specification.,Galvanized steel,IS 277,0.5 mm,212.63,meter,25,National Engineering Works,Hyderabad,Limited Stock,4.3
P0100,MCB Circuit Breaker,Electrical,Reliable supplier-grade material for manufacturing and industrial use. MCB Circuit Breaker in 16A specification.,Thermoplastic,B Curve,16A,1570.59,meter,250,Prime Traders,Coimbatore,Limited Stock,4.9
P0101,MCB Circuit Breaker,Electrical,Industrial quality product suitable for bulk commercial procurement. MCB Circuit Breaker in 63A specification.,Thermoplastic,B Curve,63A,724.47,box,500,Apex Components,Delhi,Limited Stock,4.9
P0102,Engine Oil Filter,Automotive,Quality-tested product with bulk supply capability. Engine Oil Filter in Small specification.,Steel,OEM Grade,Small,11351.04,box,500,Kaveri Industrial Solutions,Madurai,In Stock,4.2
P0103,Citric Acid Powder,Chemicals,"Suitable for wholesale buyers, distributors, and regular business orders. Citric Acid Powder in 50 kg specification.",Citric Acid,Food Grade,50 kg,97.99,meter,250,Kaveri Industrial Solutions,Madurai,In Stock,5.0
P0104,Caustic Soda Flakes,Chemicals,Quality-tested product with bulk supply capability. Caustic Soda Flakes in 50 kg specification.,Sodium Hydroxide,Industrial Grade,50 kg,53.64,kg,250,National Engineering Works,Hyderabad,In Stock,4.7
P0105,Cotton Grey Fabric,Textiles,Reliable supplier-grade material for manufacturing and industrial use. Cotton Grey Fabric in 44 inch specification.,Cotton,Greige,44 inch,268.3,box,500,Apex Components,Delhi,In Stock,4.9
P0106,GI Steel Sheet,Steel,"Suitable for wholesale buyers, distributors, and regular business orders. GI Steel Sheet in 2 mm specification.",Galvanized steel,IS 277,2 mm,294.44,piece,10,ABC Industries,Chennai,In Stock,4.6
P0107,MCB Circuit Breaker,Electrical,"Suitable for wholesale buyers, distributors, and regular business orders. MCB Circuit Breaker in 16A specification.",Thermoplastic,B Curve,16A,2205.98,box,250,Techno Supply Co,Pune,In Stock,3.9
P0108,Door Hinge,Hardware,Reliable supplier-grade material for manufacturing and industrial use. Door Hinge in 5 inch specification.,Stainless Steel,Heavy Duty,5 inch,1206.74,box,50,Global Trade Hub,Mumbai,In Stock,4.8
P0109,Hydraulic Press Machine,Machinery,Industrial quality product suitable for bulk commercial procurement. Hydraulic Press Machine in 20 Ton specification.,Steel,Hydraulic,20 Ton,33003.23,piece,5,South India Materials,Salem,Limited Stock,4.1
P0110,Titanium Dioxide,Chemicals,"Suitable for wholesale buyers, distributors, and regular business orders. Titanium Dioxide in 500 kg specification.",Titanium Dioxide,Rutile Grade,500 kg,353.68,meter,10,Prime Traders,Coimbatore,In Stock,4.5
P0111,Door Hinge,Hardware,"Suitable for wholesale buyers, distributors, and regular business orders. Door Hinge in 5 inch specification.",Stainless Steel,Heavy Duty,5 inch,176.78,piece,50,South India Materials,Salem,Limited Stock,3.7
P0112,Polyester Fabric Roll,Textiles,Reliable supplier-grade material for manufacturing and industrial use. Polyester Fabric Roll in 1.8 m specification.,Polyester,Knitted,1.8 m,409.39,meter,250,Kaveri Industrial Solutions,Madurai,Limited Stock,4.5
P0113,Industrial Bearing,Hardware,Quality-tested product with bulk supply capability. Industrial Bearing in 6205 specification.,Chrome Steel,6200 Series,6205,1036.04,piece,500,ABC Industries,Chennai,In Stock,4.8
P0114,PVC Resin,Plastic,Reliable supplier-grade material for manufacturing and industrial use. PVC Resin in 1000 kg specification.,PVC,K67,1000 kg,152.49,meter,50,Apex Components,Delhi,In Stock,4.9
P0115,Hex Bolt,Hardware,"Suitable for wholesale buyers, distributors, and regular business orders. Hex Bolt in M8 specification.",Carbon Steel,Grade 8.8,M8,959.96,piece,50,Apex Components,Delhi,In Stock,5.0
P0116,Ceramic Wall Tile,Construction Materials,Reliable supplier-grade material for manufacturing and industrial use. Ceramic Wall Tile in 300x450 mm specification.,Ceramic,Glossy,300x450 mm,380.81,piece,1000,Techno Supply Co,Pune,In Stock,4.7
P0117,Portland Cement,Construction Materials,Reliable supplier-grade material for manufacturing and industrial use. Portland Cement in 50 kg specification.,Cement,OPC 53 Grade,50 kg,1777.67,box,1000,Sri Lakshmi Enterprises,Erode,In Stock,4.5
P0118,Carbon Steel Pipe,Steel,"Suitable for wholesale buyers, distributors, and regular business orders. Carbon Steel Pipe in 1 inch specification.",Carbon steel,IS 2062,1 inch,372.29,piece,250,Global Trade Hub,Mumbai,In Stock,3.8
P0119,Carbon Steel Pipe,Steel,Quality-tested product with bulk supply capability. Carbon Steel Pipe in 4 inch specification.,Carbon steel,IS 2062,4 inch,122.05,kg,100,Techno Supply Co,Pune,In Stock,4.3
P0120,LDPE Film Roll,Plastic,"Suitable for wholesale buyers, distributors, and regular business orders. LDPE Film Roll in 150 micron specification.",LDPE,Film Grade,150 micron,287.45,kg,500,Metro Industrial Supplies,Bengaluru,Limited Stock,4.5
P0121,Stainless Steel Pipe 304,Steel,Quality-tested product with bulk supply capability. Stainless Steel Pipe 304 in 4 inch specification.,Stainless steel,304,4 inch,237.72,kg,100,South India Materials,Salem,In Stock,4.8
P0122,PP Woven Sack,Packaging,"Suitable for wholesale buyers, distributors, and regular business orders. PP Woven Sack in 25 kg specification.",Polypropylene,Laminated,25 kg,72.38,kg,1000,Sri Lakshmi Enterprises,Erode,Limited Stock,5.0
P0123,Automotive Rubber Hose,Automotive,Industrial quality product suitable for bulk commercial procurement. Automotive Rubber Hose in 3/4 inch specification.,EPDM Rubber,Heat Resistant,3/4 inch,7324.31,kg,1000,Techno Supply Co,Pune,In Stock,4.1
P0124,Industrial Polyester Yarn,Textiles,Quality-tested product with bulk supply capability. Industrial Polyester Yarn in 30s specification.,Polyester,Spun,30s,431.01,kg,50,Kaveri Industrial Solutions,Madurai,In Stock,4.5
P0125,PP Woven Sack,Packaging,Quality-tested product with bulk supply capability. PP Woven Sack in 50 kg specification.,Polypropylene,Laminated,50 kg,27.35,piece,50,Prime Traders,Coimbatore,In Stock,4.6
P0126,PP Woven Sack,Packaging,Industrial quality product suitable for bulk commercial procurement. PP Woven Sack in 25 kg specification.,Polypropylene,Laminated,25 kg,239.37,kg,250,Evergreen Manufacturing,Ahmedabad,Limited Stock,4.0
P0127,Industrial Air Compressor,Machinery,Reliable supplier-grade material for manufacturing and industrial use. Industrial Air Compressor in 10 HP specification.,Cast Iron,Reciprocating,10 HP,204658.12,piece,1,Evergreen Manufacturing,Ahmedabad,In Stock,4.5
P0128,100% Cotton T-Shirt,Textiles,Reliable supplier-grade material for manufacturing and industrial use. 100% Cotton T-Shirt in L specification.,Cotton,Combed,L,406.7,box,250,Techno Supply Co,Pune,Limited Stock,4.8
P0129,Portland Cement,Construction Materials,"Suitable for wholesale buyers, distributors, and regular business orders. Portland Cement in 50 kg specification.",Cement,OPC 53 Grade,50 kg,332.94,box,50,ABC Industries,Chennai,In Stock,3.8
P0130,Industrial Electrical Switch,Electrical,Reliable supplier-grade material for manufacturing and industrial use. Industrial Electrical Switch in 16A specification.,Polycarbonate,Heavy Duty,16A,1883.51,kg,10,Sri Lakshmi Enterprises,Erode,Limited Stock,4.1
P0131,PP Woven Sack,Packaging,Industrial quality product suitable for bulk commercial procurement. PP Woven Sack in 50 kg specification.,Polypropylene,Laminated,50 kg,181.79,kg,1000,National Engineering Works,Hyderabad,In Stock,3.7
P0132,Portland Cement,Construction Materials,Quality-tested product with bulk supply capability. Portland Cement in 25 kg specification.,Cement,OPC 53 Grade,25 kg,803.17,meter,100,National Engineering Works,Hyderabad,Limited Stock,3.9
P0133,Automotive Brake Pad,Automotive,"Suitable for wholesale buyers, distributors, and regular business orders. Automotive Brake Pad in Rear specification.",Semi Metallic,OEM Grade,Rear,1464.04,meter,250,South India Materials,Salem,In Stock,3.8
P0134,Portland Cement,Construction Materials,Reliable supplier-grade material for manufacturing and industrial use. Portland Cement in 25 kg specification.,Cement,OPC 53 Grade,25 kg,549.54,piece,1000,Metro Industrial Supplies,Bengaluru,In Stock,3.9
P0135,HDPE Granules,Plastic,Reliable supplier-grade material for manufacturing and industrial use. HDPE Granules in 500 kg specification.,HDPE,Injection Grade,500 kg,169.05,piece,100,Universal B2B Supplies,Kolkata,In Stock,3.6
P0136,MS Steel Plate,Steel,Quality-tested product with bulk supply capability. MS Steel Plate in 3 mm specification.,Mild steel,IS 2062,3 mm,420.83,box,250,Kaveri Industrial Solutions,Madurai,Limited Stock,4.6
P0137,Hydraulic Press Machine,Machinery,Reliable supplier-grade material for manufacturing and industrial use. Hydraulic Press Machine in 20 Ton specification.,Steel,Hydraulic,20 Ton,36992.52,piece,2,South India Materials,Salem,Limited Stock,4.7
P0138,Corrugated Shipping Box,Packaging,Industrial quality product suitable for bulk commercial procurement. Corrugated Shipping Box in 18x12x10 inch specification.,Kraft Paper,5 Ply,18x12x10 inch,64.61,kg,500,Prime Traders,Coimbatore,Limited Stock,4.8
P0139,PP Woven Sack,Packaging,Reliable supplier-grade material for manufacturing and industrial use. PP Woven Sack in 50 kg specification.,Polypropylene,Laminated,50 kg,23.71,kg,50,Sri Lakshmi Enterprises,Erode,In Stock,4.0
P0140,MCB Circuit Breaker,Electrical,Reliable supplier-grade material for manufacturing and industrial use. MCB Circuit Breaker in 6A specification.,Thermoplastic,B Curve,6A,729.2,piece,250,Sri Lakshmi Enterprises,Erode,In Stock,3.8
P0141,Industrial Bearing,Hardware,"Suitable for wholesale buyers, distributors, and regular business orders. Industrial Bearing in 6206 specification.",Chrome Steel,6200 Series,6206,1386.38,kg,1000,Apex Components,Delhi,In Stock,3.7
P0142,LDPE Film Roll,Plastic,Industrial quality product suitable for bulk commercial procurement. LDPE Film Roll in 100 micron specification.,LDPE,Film Grade,100 micron,139.65,box,250,Apex Components,Delhi,In Stock,4.3
P0143,Titanium Dioxide,Chemicals,Industrial quality product suitable for bulk commercial procurement. Titanium Dioxide in 500 kg specification.,Titanium Dioxide,Rutile Grade,500 kg,75.6,box,10,ABC Industries,Chennai,Limited Stock,4.2
P0144,Automotive Brake Pad,Automotive,Quality-tested product with bulk supply capability. Automotive Brake Pad in Rear specification.,Semi Metallic,OEM Grade,Rear,7874.27,box,250,Evergreen Manufacturing,Ahmedabad,In Stock,4.9
P0145,Hex Bolt,Hardware,Industrial quality product suitable for bulk commercial procurement. Hex Bolt in M10 specification.,Carbon Steel,Grade 8.8,M10,128.33,kg,100,Universal B2B Supplies,Kolkata,In Stock,4.6
P0146,Stainless Steel Nut,Hardware,"Suitable for wholesale buyers, distributors, and regular business orders. Stainless Steel Nut in M10 specification.",Stainless Steel,304,M10,1377.07,box,500,Global Trade Hub,Mumbai,In Stock,4.7
P0147,Corrugated Shipping Box,Packaging,"Suitable for wholesale buyers, distributors, and regular business orders. Corrugated Shipping Box in 18x12x10 inch specification.",Kraft Paper,5 Ply,18x12x10 inch,141.7,box,250,Prime Traders,Coimbatore,In Stock,4.0
P0148,Ceramic Wall Tile,Construction Materials,Industrial quality product suitable for bulk commercial procurement. Ceramic Wall Tile in 300x600 mm specification.,Ceramic,Glossy,300x600 mm,1742.18,meter,25,National Engineering Works,Hyderabad,In Stock,4.3
P0149,PP Woven Sack,Packaging,Industrial quality product suitable for bulk commercial procurement. PP Woven Sack in 25 kg specification.,Polypropylene,Laminated,25 kg,169.26,kg,250,Apex Components,Delhi,In Stock,4.0
P0150,Cotton Grey Fabric,Textiles,Industrial quality product suitable for bulk commercial procurement. Cotton Grey Fabric in 58 inch specification.,Cotton,Greige,58 inch,296.7,piece,25,Metro Industrial Supplies,Bengaluru,In Stock,4.8
P0151,HDPE Granules,Plastic,Quality-tested product with bulk supply capability. HDPE Granules in 1000 kg specification.,HDPE,Injection Grade,1000 kg,271.57,piece,250,Global Trade Hub,Mumbai,In Stock,3.7
P0152,Ceramic Wall Tile,Construction Materials,Reliable supplier-grade material for manufacturing and industrial use. Ceramic Wall Tile in 600x600 mm specification.,Ceramic,Glossy,600x600 mm,88.21,box,500,Kaveri Industrial Solutions,Madurai,Limited Stock,4.4
P0153,Stainless Steel Nut,Hardware,"Suitable for wholesale buyers, distributors, and regular business orders. Stainless Steel Nut in M8 specification.",Stainless Steel,304,M8,1448.46,box,100,National Engineering Works,Hyderabad,Limited Stock,4.2
P0154,Titanium Dioxide,Chemicals,"Suitable for wholesale buyers, distributors, and regular business orders. Titanium Dioxide in 500 kg specification.",Titanium Dioxide,Rutile Grade,500 kg,417.6,piece,1000,Sri Lakshmi Enterprises,Erode,In Stock,4.5
P0155,Corrugated Shipping Box,Packaging,Reliable supplier-grade material for manufacturing and industrial use. Corrugated Shipping Box in 24x18x12 inch specification.,Kraft Paper,5 Ply,24x18x12 inch,213.54,box,50,Techno Supply Co,Pune,In Stock,4.2
P0156,Engine Oil Filter,Automotive,Quality-tested product with bulk supply capability. Engine Oil Filter in Medium specification.,Steel,OEM Grade,Medium,11365.0,piece,1000,Prime Traders,Coimbatore,In Stock,4.9
P0157,Industrial Air Compressor,Machinery,Industrial quality product suitable for bulk commercial procurement. Industrial Air Compressor in 10 HP specification.,Cast Iron,Reciprocating,10 HP,240027.86,piece,2,Techno Supply Co,Pune,In Stock,3.8
P0158,Corrugated Shipping Box,Packaging,Industrial quality product suitable for bulk commercial procurement. Corrugated Shipping Box in 24x18x12 inch specification.,Kraft Paper,5 Ply,24x18x12 inch,87.15,piece,100,Apex Components,Delhi,In Stock,4.9
P0159,Stainless Steel Nut,Hardware,"Suitable for wholesale buyers, distributors, and regular business orders. Stainless Steel Nut in M12 specification.",Stainless Steel,304,M12,923.79,piece,50,Kaveri Industrial Solutions,Madurai,In Stock,4.8
P0160,Lead Acid Automotive Battery,Automotive,Reliable supplier-grade material for manufacturing and industrial use. Lead Acid Automotive Battery in 35 Ah specification.,Lead Acid,Maintenance Free,35 Ah,2966.04,kg,10,National Engineering Works,Hyderabad,Limited Stock,4.5
P0161,Construction Plywood,Construction Materials,Industrial quality product suitable for bulk commercial procurement. Construction Plywood in 6 mm specification.,Hardwood,MR Grade,6 mm,1507.67,meter,250,Prime Traders,Coimbatore,In Stock,4.6
P0162,Titanium Dioxide,Chemicals,Industrial quality product suitable for bulk commercial procurement. Titanium Dioxide in 25 kg specification.,Titanium Dioxide,Rutile Grade,25 kg,208.77,meter,25,Evergreen Manufacturing,Ahmedabad,In Stock,3.6
P0163,Automotive Brake Pad,Automotive,"Suitable for wholesale buyers, distributors, and regular business orders. Automotive Brake Pad in Rear specification.",Semi Metallic,OEM Grade,Rear,665.88,meter,50,Kaveri Industrial Solutions,Madurai,In Stock,4.0
P0164,PVC Resin,Plastic,"Suitable for wholesale buyers, distributors, and regular business orders. PVC Resin in 25 kg specification.",PVC,K67,25 kg,221.13,kg,1000,Universal B2B Supplies,Kolkata,In Stock,3.6
P0165,Automotive Rubber Hose,Automotive,Quality-tested product with bulk supply capability. Automotive Rubber Hose in 1 inch specification.,EPDM Rubber,Heat Resistant,1 inch,9990.05,meter,500,Sri Lakshmi Enterprises,Erode,In Stock,4.7
P0166,LDPE Film Roll,Plastic,"Suitable for wholesale buyers, distributors, and regular business orders. LDPE Film Roll in 50 micron specification.",LDPE,Film Grade,50 micron,116.37,piece,10,National Engineering Works,Hyderabad,In Stock,4.3
P0167,Lead Acid Automotive Battery,Automotive,"Suitable for wholesale buyers, distributors, and regular business orders. Lead Acid Automotive Battery in 55 Ah specification.",Lead Acid,Maintenance Free,55 Ah,9076.5,piece,50,ABC Industries,Chennai,In Stock,4.8
P0168,Stretch Film Roll,Packaging,Quality-tested product with bulk supply capability. Stretch Film Roll in 23 micron specification.,LLDPE,Industrial,23 micron,112.05,box,500,Global Trade Hub,Mumbai,In Stock,5.0
P0169,Industrial Bearing,Hardware,Industrial quality product suitable for bulk commercial procurement. Industrial Bearing in 6205 specification.,Chrome Steel,6200 Series,6205,401.55,piece,500,Techno Supply Co,Pune,Limited Stock,4.4
P0170,LED Panel Light,Electrical,Quality-tested product with bulk supply capability. LED Panel Light in 24W specification.,Aluminium,Commercial,24W,310.56,box,50,Prime Traders,Coimbatore,Limited Stock,3.7
P0171,Door Hinge,Hardware,Quality-tested product with bulk supply capability. Door Hinge in 4 inch specification.,Stainless Steel,Heavy Duty,4 inch,1090.77,box,1000,ABC Industries,Chennai,In Stock,4.5
P0172,Stainless Steel Pipe 304,Steel,Reliable supplier-grade material for manufacturing and industrial use. Stainless Steel Pipe 304 in 4 inch specification.,Stainless steel,304,4 inch,269.84,piece,10,Global Trade Hub,Mumbai,Limited Stock,3.6
P0173,PP Granules,Plastic,Reliable supplier-grade material for manufacturing and industrial use. PP Granules in 1000 kg specification.,Polypropylene,Injection Grade,1000 kg,153.29,kg,250,Global Trade Hub,Mumbai,Limited Stock,4.9
P0174,PET Packaging Bottle,Packaging,"Suitable for wholesale buyers, distributors, and regular business orders. PET Packaging Bottle in 250 ml specification.",PET,Food Grade,250 ml,38.74,box,500,Evergreen Manufacturing,Ahmedabad,In Stock,3.9
P0175,HDPE Granules,Plastic,Industrial quality product suitable for bulk commercial procurement. HDPE Granules in 1000 kg specification.,HDPE,Injection Grade,1000 kg,184.78,meter,250,Sri Lakshmi Enterprises,Erode,In Stock,4.7
P0176,Stainless Steel Nut,Hardware,Industrial quality product suitable for bulk commercial procurement. Stainless Steel Nut in M10 specification.,Stainless Steel,304,M10,1374.89,box,100,Universal B2B Supplies,Kolkata,In Stock,4.8
P0177,Stainless Steel Nut,Hardware,Industrial quality product suitable for bulk commercial procurement. Stainless Steel Nut in M12 specification.,Stainless Steel,304,M12,1216.15,box,250,Prime Traders,Coimbatore,In Stock,4.8
P0178,MCB Circuit Breaker,Electrical,Reliable supplier-grade material for manufacturing and industrial use. MCB Circuit Breaker in 32A specification.,Thermoplastic,B Curve,32A,653.7,piece,1000,Techno Supply Co,Pune,In Stock,4.7
P0179,GI Steel Sheet,Steel,Industrial quality product suitable for bulk commercial procurement. GI Steel Sheet in 1.5 mm specification.,Galvanized steel,IS 277,1.5 mm,377.35,piece,250,Kaveri Industrial Solutions,Madurai,In Stock,4.0
P0180,Industrial Bearing,Hardware,Quality-tested product with bulk supply capability. Industrial Bearing in 6206 specification.,Chrome Steel,6200 Series,6206,112.48,box,50,Evergreen Manufacturing,Ahmedabad,Limited Stock,4.5
P0181,PP Woven Sack,Packaging,Reliable supplier-grade material for manufacturing and industrial use. PP Woven Sack in 25 kg specification.,Polypropylene,Laminated,25 kg,110.99,piece,50,Sri Lakshmi Enterprises,Erode,In Stock,3.7
P0182,PP Woven Sack,Packaging,Reliable supplier-grade material for manufacturing and industrial use. PP Woven Sack in 50 kg specification.,Polypropylene,Laminated,50 kg,224.26,piece,250,Techno Supply Co,Pune,In Stock,3.7
P0183,Caustic Soda Flakes,Chemicals,"Suitable for wholesale buyers, distributors, and regular business orders. Caustic Soda Flakes in 25 kg specification.",Sodium Hydroxide,Industrial Grade,25 kg,473.72,piece,25,Evergreen Manufacturing,Ahmedabad,In Stock,4.7
P0184,Stainless Steel Pipe 304,Steel,Reliable supplier-grade material for manufacturing and industrial use. Stainless Steel Pipe 304 in 1 inch specification.,Stainless steel,304,1 inch,365.28,box,500,Apex Components,Delhi,Limited Stock,4.4
P0185,MS Steel Plate,Steel,Quality-tested product with bulk supply capability. MS Steel Plate in 8 mm specification.,Mild steel,IS 2062,8 mm,433.96,meter,25,Apex Components,Delhi,In Stock,4.2
P0186,Carbon Steel Pipe,Steel,Reliable supplier-grade material for manufacturing and industrial use. Carbon Steel Pipe in 4 inch specification.,Carbon steel,IS 2062,4 inch,259.17,piece,50,South India Materials,Salem,In Stock,4.8
P0187,Stretch Film Roll,Packaging,Industrial quality product suitable for bulk commercial procurement. Stretch Film Roll in 30 micron specification.,LLDPE,Industrial,30 micron,191.36,kg,1000,Sri Lakshmi Enterprises,Erode,In Stock,3.9
P0188,PVC Resin,Plastic,Quality-tested product with bulk supply capability. PVC Resin in 500 kg specification.,PVC,K67,500 kg,102.4,kg,50,Metro Industrial Supplies,Bengaluru,Limited Stock,3.9
P0189,LED Panel Light,Electrical,Quality-tested product with bulk supply capability. LED Panel Light in 24W specification.,Aluminium,Commercial,24W,1936.23,meter,250,Metro Industrial Supplies,Bengaluru,Limited Stock,4.8
P0190,Hex Bolt,Hardware,"Suitable for wholesale buyers, distributors, and regular business orders. Hex Bolt in M6 specification.",Carbon Steel,Grade 8.8,M6,759.16,piece,100,South India Materials,Salem,In Stock,3.6
P0191,Industrial Bearing,Hardware,Reliable supplier-grade material for manufacturing and industrial use. Industrial Bearing in 6205 specification.,Chrome Steel,6200 Series,6205,14.25,piece,500,Techno Supply Co,Pune,In Stock,4.6
P0192,Hydraulic Press Machine,Machinery,Reliable supplier-grade material for manufacturing and industrial use. Hydraulic Press Machine in 20 Ton specification.,Steel,Hydraulic,20 Ton,54415.67,piece,5,South India Materials,Salem,In Stock,4.3
P0193,LDPE Film Roll,Plastic,Industrial quality product suitable for bulk commercial procurement. LDPE Film Roll in 150 micron specification.,LDPE,Film Grade,150 micron,245.81,box,1000,Kaveri Industrial Solutions,Madurai,In Stock,5.0
P0194,Hydraulic Press Machine,Machinery,Reliable supplier-grade material for manufacturing and industrial use. Hydraulic Press Machine in 50 Ton specification.,Steel,Hydraulic,50 Ton,564895.43,piece,1,Techno Supply Co,Pune,Limited Stock,4.3
P0195,Stainless Steel Pipe 304,Steel,Quality-tested product with bulk supply capability. Stainless Steel Pipe 304 in 2 inch specification.,Stainless steel,304,2 inch,203.23,meter,250,Universal B2B Supplies,Kolkata,In Stock,4.4
P0196,Engine Oil Filter,Automotive,"Suitable for wholesale buyers, distributors, and regular business orders. Engine Oil Filter in Medium specification.",Steel,OEM Grade,Medium,3924.58,meter,250,Evergreen Manufacturing,Ahmedabad,In Stock,4.3
P0197,Lead Acid Automotive Battery,Automotive,"Suitable for wholesale buyers, distributors, and regular business orders. Lead Acid Automotive Battery in 75 Ah specification.",Lead Acid,Maintenance Free,75 Ah,3702.52,kg,50,Evergreen Manufacturing,Ahmedabad,In Stock,5.0
P0198,AAC Block,Construction Materials,Industrial quality product suitable for bulk commercial procurement. AAC Block in 600x200x100 mm specification.,Autoclaved Aerated Concrete,Grade 4,600x200x100 mm,859.52,piece,500,Evergreen Manufacturing,Ahmedabad,Limited Stock,3.8
P0199,Construction Plywood,Construction Materials,Industrial quality product suitable for bulk commercial procurement. Construction Plywood in 6 mm specification.,Hardwood,MR Grade,6 mm,443.53,kg,25,Apex Components,Delhi,Limited Stock,4.0
P0200,Industrial Electrical Switch,Electrical,Industrial quality product suitable for bulk commercial procurement. Industrial Electrical Switch in 63A specification.,Polycarbonate,Heavy Duty,63A,1096.7,meter,1000,Metro Industrial Supplies,Bengaluru,In Stock,4.3
P0201,Automotive Rubber Hose,Automotive,Quality-tested product with bulk supply capability. Automotive Rubber Hose in 1 inch specification.,EPDM Rubber,Heat Resistant,1 inch,6376.9,box,25,Kaveri Industrial Solutions,Madurai,In Stock,4.3
P0202,Titanium Dioxide,Chemicals,"Suitable for wholesale buyers, distributors, and regular business orders. Titanium Dioxide in 25 kg specification.",Titanium Dioxide,Rutile Grade,25 kg,175.55,box,25,Metro Industrial Supplies,Bengaluru,In Stock,4.6
P0203,Door Hinge,Hardware,"Suitable for wholesale buyers, distributors, and regular business orders. Door Hinge in 4 inch specification.",Stainless Steel,Heavy Duty,4 inch,841.61,kg,250,Global Trade Hub,Mumbai,In Stock,4.4
P0204,Lead Acid Automotive Battery,Automotive,Industrial quality product suitable for bulk commercial procurement. Lead Acid Automotive Battery in 55 Ah specification.,Lead Acid,Maintenance Free,55 Ah,11462.12,piece,50,Global Trade Hub,Mumbai,In Stock,4.9
P0205,PVC Resin,Plastic,Reliable supplier-grade material for manufacturing and industrial use. PVC Resin in 500 kg specification.,PVC,K67,500 kg,128.98,meter,25,Apex Components,Delhi,In Stock,4.9
P0206,Citric Acid Powder,Chemicals,Industrial quality product suitable for bulk commercial procurement. Citric Acid Powder in 25 kg specification.,Citric Acid,Food Grade,25 kg,383.4,piece,25,Evergreen Manufacturing,Ahmedabad,In Stock,4.5
P0207,Stainless Steel Pipe 304,Steel,Reliable supplier-grade material for manufacturing and industrial use. Stainless Steel Pipe 304 in 4 inch specification.,Stainless steel,304,4 inch,345.42,kg,500,Global Trade Hub,Mumbai,In Stock,4.9
P0208,Industrial Electrical Switch,Electrical,"Suitable for wholesale buyers, distributors, and regular business orders. Industrial Electrical Switch in 63A specification.",Polycarbonate,Heavy Duty,63A,1256.33,piece,1000,Kaveri Industrial Solutions,Madurai,In Stock,3.9
P0209,Stainless Steel Pipe 304,Steel,Quality-tested product with bulk supply capability. Stainless Steel Pipe 304 in 2 inch specification.,Stainless steel,304,2 inch,353.31,kg,25,Techno Supply Co,Pune,In Stock,4.9
P0210,MS Steel Plate,Steel,Industrial quality product suitable for bulk commercial procurement. MS Steel Plate in 10 mm specification.,Mild steel,IS 2062,10 mm,426.55,box,10,Sri Lakshmi Enterprises,Erode,In Stock,4.4
P0211,PVC Resin,Plastic,Quality-tested product with bulk supply capability. PVC Resin in 500 kg specification.,PVC,K67,500 kg,297.49,meter,25,Kaveri Industrial Solutions,Madurai,In Stock,3.8
P0212,PVC Resin,Plastic,Reliable supplier-grade material for manufacturing and industrial use. PVC Resin in 25 kg specification.,PVC,K67,25 kg,175.55,box,500,Universal B2B Supplies,Kolkata,In Stock,4.6
P0213,Citric Acid Powder,Chemicals,Quality-tested product with bulk supply capability. Citric Acid Powder in 25 kg specification.,Citric Acid,Food Grade,25 kg,435.27,meter,1000,Evergreen Manufacturing,Ahmedabad,In Stock,3.6
P0214,PP Granules,Plastic,"Suitable for wholesale buyers, distributors, and regular business orders. PP Granules in 25 kg specification.",Polypropylene,Injection Grade,25 kg,144.43,piece,10,Kaveri Industrial Solutions,Madurai,Limited Stock,3.9
P0215,Calcium Carbonate Powder,Chemicals,"Suitable for wholesale buyers, distributors, and regular business orders. Calcium Carbonate Powder in 500 kg specification.",Calcium Carbonate,Industrial Grade,500 kg,375.3,kg,50,Evergreen Manufacturing,Ahmedabad,In Stock,3.6
P0216,LDPE Film Roll,Plastic,Industrial quality product suitable for bulk commercial procurement. LDPE Film Roll in 100 micron specification.,LDPE,Film Grade,100 micron,163.25,box,500,Sri Lakshmi Enterprises,Erode,In Stock,4.1
P0217,Polyester Fabric Roll,Textiles,Quality-tested product with bulk supply capability. Polyester Fabric Roll in 1.5 m specification.,Polyester,Knitted,1.5 m,239.48,box,100,Kaveri Industrial Solutions,Madurai,In Stock,4.6
P0218,Portland Cement,Construction Materials,Industrial quality product suitable for bulk commercial procurement. Portland Cement in 50 kg specification.,Cement,OPC 53 Grade,50 kg,1269.74,kg,250,Techno Supply Co,Pune,In Stock,4.7
P0219,Engine Oil Filter,Automotive,Quality-tested product with bulk supply capability. Engine Oil Filter in Large specification.,Steel,OEM Grade,Large,1925.75,box,1000,Techno Supply Co,Pune,In Stock,4.5
P0220,Construction Plywood,Construction Materials,Reliable supplier-grade material for manufacturing and industrial use. Construction Plywood in 6 mm specification.,Hardwood,MR Grade,6 mm,807.41,kg,100,Techno Supply Co,Pune,Limited Stock,4.2
P0221,MS Steel Plate,Steel,Industrial quality product suitable for bulk commercial procurement. MS Steel Plate in 8 mm specification.,Mild steel,IS 2062,8 mm,88.06,box,1000,Universal B2B Supplies,Kolkata,In Stock,4.4
P0222,MS Steel Plate,Steel,Quality-tested product with bulk supply capability. MS Steel Plate in 8 mm specification.,Mild steel,IS 2062,8 mm,103.59,kg,10,Universal B2B Supplies,Kolkata,In Stock,3.9
P0223,MCB Circuit Breaker,Electrical,Quality-tested product with bulk supply capability. MCB Circuit Breaker in 63A specification.,Thermoplastic,B Curve,63A,2483.0,meter,100,Global Trade Hub,Mumbai,Limited Stock,3.6
P0224,Engine Oil Filter,Automotive,Reliable supplier-grade material for manufacturing and industrial use. Engine Oil Filter in Large specification.,Steel,OEM Grade,Large,1555.8,meter,250,Global Trade Hub,Mumbai,In Stock,4.8
P0225,GI Steel Sheet,Steel,Quality-tested product with bulk supply capability. GI Steel Sheet in 2 mm specification.,Galvanized steel,IS 277,2 mm,346.06,meter,250,Apex Components,Delhi,In Stock,3.9
P0226,PP Woven Sack,Packaging,Industrial quality product suitable for bulk commercial procurement. PP Woven Sack in 50 kg specification.,Polypropylene,Laminated,50 kg,234.67,kg,50,Metro Industrial Supplies,Bengaluru,Limited Stock,4.4
P0227,Carbon Steel Pipe,Steel,Industrial quality product suitable for bulk commercial procurement. Carbon Steel Pipe in 2 inch specification.,Carbon steel,IS 2062,2 inch,117.33,kg,100,Prime Traders,Coimbatore,In Stock,4.6
P0228,Industrial Water Pump,Machinery,Reliable supplier-grade material for manufacturing and industrial use. Industrial Water Pump in 2 HP specification.,Cast Iron,Centrifugal,2 HP,149929.8,piece,1,Techno Supply Co,Pune,In Stock,3.9
P0229,AAC Block,Construction Materials,Reliable supplier-grade material for manufacturing and industrial use. AAC Block in 600x200x150 mm specification.,Autoclaved Aerated Concrete,Grade 4,600x200x150 mm,550.16,piece,500,Metro Industrial Supplies,Bengaluru,Limited Stock,4.0
P0230,Carbon Steel Pipe,Steel,Quality-tested product with bulk supply capability. Carbon Steel Pipe in 4 inch specification.,Carbon steel,IS 2062,4 inch,263.38,box,500,Techno Supply Co,Pune,In Stock,4.5
P0231,CNC Turning Machine,Machinery,Quality-tested product with bulk supply capability. CNC Turning Machine in 3 Axis specification.,Cast Iron,CNC,3 Axis,130730.41,piece,5,South India Materials,Salem,In Stock,4.8
P0232,Citric Acid Powder,Chemicals,Reliable supplier-grade material for manufacturing and industrial use. Citric Acid Powder in 50 kg specification.,Citric Acid,Food Grade,50 kg,303.07,meter,250,ABC Industries,Chennai,Limited Stock,3.9
P0233,Cotton Grey Fabric,Textiles,Reliable supplier-grade material for manufacturing and industrial use. Cotton Grey Fabric in 60 inch specification.,Cotton,Greige,60 inch,839.34,box,10,Prime Traders,Coimbatore,In Stock,3.9
P0234,Portland Cement,Construction Materials,Reliable supplier-grade material for manufacturing and industrial use. Portland Cement in 25 kg specification.,Cement,OPC 53 Grade,25 kg,1450.32,piece,100,Metro Industrial Supplies,Bengaluru,In Stock,4.0
P0235,Carbon Steel Pipe,Steel,Reliable supplier-grade material for manufacturing and industrial use. Carbon Steel Pipe in 2 inch specification.,Carbon steel,IS 2062,2 inch,123.41,meter,25,Universal B2B Supplies,Kolkata,Limited Stock,4.9
P0236,Automotive Rubber Hose,Automotive,"Suitable for wholesale buyers, distributors, and regular business orders. Automotive Rubber Hose in 3/4 inch specification.",EPDM Rubber,Heat Resistant,3/4 inch,5675.07,box,50,South India Materials,Salem,In Stock,4.3
P0237,Industrial Bearing,Hardware,"Suitable for wholesale buyers, distributors, and regular business orders. Industrial Bearing in 6202 specification.",Chrome Steel,6200 Series,6202,705.3,box,100,Universal B2B Supplies,Kolkata,In Stock,4.1
P0238,Ceramic Wall Tile,Construction Materials,Reliable supplier-grade material for manufacturing and industrial use. Ceramic Wall Tile in 600x600 mm specification.,Ceramic,Glossy,600x600 mm,39.03,meter,50,Sri Lakshmi Enterprises,Erode,In Stock,4.0
P0239,CNC Turning Machine,Machinery,"Suitable for wholesale buyers, distributors, and regular business orders. CNC Turning Machine in 3 Axis specification.",Cast Iron,CNC,3 Axis,401399.58,piece,5,Techno Supply Co,Pune,In Stock,4.6
P0240,Industrial Bearing,Hardware,Reliable supplier-grade material for manufacturing and industrial use. Industrial Bearing in 6206 specification.,Chrome Steel,6200 Series,6206,1099.69,box,100,Sri Lakshmi Enterprises,Erode,Limited Stock,3.8
P0241,Automotive Brake Pad,Automotive,Industrial quality product suitable for bulk commercial procurement. Automotive Brake Pad in Front specification.,Semi Metallic,OEM Grade,Front,11350.48,kg,1000,Prime Traders,Coimbatore,Limited Stock,3.7
P0242,100% Cotton T-Shirt,Textiles,Industrial quality product suitable for bulk commercial procurement. 100% Cotton T-Shirt in M specification.,Cotton,Combed,M,290.6,meter,50,ABC Industries,Chennai,Limited Stock,4.5
P0243,Stainless Steel Pipe 304,Steel,"Suitable for wholesale buyers, distributors, and regular business orders. Stainless Steel Pipe 304 in 4 inch specification.",Stainless steel,304,4 inch,86.19,box,250,ABC Industries,Chennai,In Stock,4.3
P0244,CNC Turning Machine,Machinery,Reliable supplier-grade material for manufacturing and industrial use. CNC Turning Machine in 2 Axis specification.,Cast Iron,CNC,2 Axis,326521.61,piece,1,Prime Traders,Coimbatore,In Stock,4.7
P0245,Titanium Dioxide,Chemicals,Reliable supplier-grade material for manufacturing and industrial use. Titanium Dioxide in 25 kg specification.,Titanium Dioxide,Rutile Grade,25 kg,481.68,meter,250,Global Trade Hub,Mumbai,In Stock,3.9
P0246,HDPE Granules,Plastic,Industrial quality product suitable for bulk commercial procurement. HDPE Granules in 25 kg specification.,HDPE,Injection Grade,25 kg,157.23,meter,10,South India Materials,Salem,In Stock,3.6
P0247,Hydraulic Press Machine,Machinery,Reliable supplier-grade material for manufacturing and industrial use. Hydraulic Press Machine in 100 Ton specification.,Steel,Hydraulic,100 Ton,539504.95,piece,1,Prime Traders,Coimbatore,In Stock,4.9
P0248,Construction Plywood,Construction Materials,Industrial quality product suitable for bulk commercial procurement. Construction Plywood in 12 mm specification.,Hardwood,MR Grade,12 mm,1664.25,box,250,ABC Industries,Chennai,In Stock,4.9
P0249,Corrugated Shipping Box,Packaging,Industrial quality product suitable for bulk commercial procurement. Corrugated Shipping Box in 12x10x8 inch specification.,Kraft Paper,5 Ply,12x10x8 inch,40.33,kg,500,Evergreen Manufacturing,Ahmedabad,In Stock,3.7
P0250,Industrial Polyester Yarn,Textiles,Industrial quality product suitable for bulk commercial procurement. Industrial Polyester Yarn in 40s specification.,Polyester,Spun,40s,378.75,piece,1000,Techno Supply Co,Pune,In Stock,3.6
P0251,CNC Turning Machine,Machinery,Quality-tested product with bulk supply capability. CNC Turning Machine in 2 Axis specification.,Cast Iron,CNC,2 Axis,372972.03,piece,5,Global Trade Hub,Mumbai,In Stock,3.5
P0252,Titanium Dioxide,Chemicals,Reliable supplier-grade material for manufacturing and industrial use. Titanium Dioxide in 500 kg specification.,Titanium Dioxide,Rutile Grade,500 kg,210.12,meter,100,Metro Industrial Supplies,Bengaluru,Limited Stock,3.6
P0253,AAC Block,Construction Materials,Quality-tested product with bulk supply capability. AAC Block in 600x200x100 mm specification.,Autoclaved Aerated Concrete,Grade 4,600x200x100 mm,141.58,box,25,Universal B2B Supplies,Kolkata,In Stock,4.6
P0254,Stretch Film Roll,Packaging,"Suitable for wholesale buyers, distributors, and regular business orders. Stretch Film Roll in 23 micron specification.",LLDPE,Industrial,23 micron,6.27,box,500,Prime Traders,Coimbatore,In Stock,3.7
P0255,PP Granules,Plastic,Industrial quality product suitable for bulk commercial procurement. PP Granules in 500 kg specification.,Polypropylene,Injection Grade,500 kg,198.11,meter,10,Kaveri Industrial Solutions,Madurai,In Stock,4.0
P0256,PVC Resin,Plastic,Industrial quality product suitable for bulk commercial procurement. PVC Resin in 500 kg specification.,PVC,K67,500 kg,137.12,meter,1000,ABC Industries,Chennai,In Stock,4.4
P0257,Industrial Electrical Switch,Electrical,Reliable supplier-grade material for manufacturing and industrial use. Industrial Electrical Switch in 16A specification.,Polycarbonate,Heavy Duty,16A,760.03,box,100,Sri Lakshmi Enterprises,Erode,In Stock,3.8
P0258,Titanium Dioxide,Chemicals,Reliable supplier-grade material for manufacturing and industrial use. Titanium Dioxide in 500 kg specification.,Titanium Dioxide,Rutile Grade,500 kg,402.2,box,50,Kaveri Industrial Solutions,Madurai,Limited Stock,4.4
P0259,Industrial Polyester Yarn,Textiles,Quality-tested product with bulk supply capability. Industrial Polyester Yarn in 20s specification.,Polyester,Spun,20s,357.63,meter,50,Sri Lakshmi Enterprises,Erode,In Stock,4.2
P0260,CNC Turning Machine,Machinery,Reliable supplier-grade material for manufacturing and industrial use. CNC Turning Machine in 3 Axis specification.,Cast Iron,CNC,3 Axis,371846.48,piece,5,Global Trade Hub,Mumbai,Limited Stock,4.0
P0261,Hydraulic Press Machine,Machinery,Reliable supplier-grade material for manufacturing and industrial use. Hydraulic Press Machine in 50 Ton specification.,Steel,Hydraulic,50 Ton,424600.72,piece,2,Universal B2B Supplies,Kolkata,In Stock,4.1
P0262,Hydraulic Press Machine,Machinery,Reliable supplier-grade material for manufacturing and industrial use. Hydraulic Press Machine in 20 Ton specification.,Steel,Hydraulic,20 Ton,139885.03,piece,5,Evergreen Manufacturing,Ahmedabad,In Stock,4.9
P0263,Stainless Steel Nut,Hardware,Quality-tested product with bulk supply capability. Stainless Steel Nut in M12 specification.,Stainless Steel,304,M12,1247.26,piece,500,National Engineering Works,Hyderabad,In Stock,4.5
P0264,Cotton Grey Fabric,Textiles,Quality-tested product with bulk supply capability. Cotton Grey Fabric in 60 inch specification.,Cotton,Greige,60 inch,677.88,meter,10,Sri Lakshmi Enterprises,Erode,Limited Stock,4.4
P0265,Lead Acid Automotive Battery,Automotive,Industrial quality product suitable for bulk commercial procurement. Lead Acid Automotive Battery in 75 Ah specification.,Lead Acid,Maintenance Free,75 Ah,9520.04,box,500,ABC Industries,Chennai,In Stock,4.7
P0266,PP Woven Sack,Packaging,"Suitable for wholesale buyers, distributors, and regular business orders. PP Woven Sack in 25 kg specification.",Polypropylene,Laminated,25 kg,245.98,kg,500,Evergreen Manufacturing,Ahmedabad,Limited Stock,3.7
P0267,PVC Resin,Plastic,"Suitable for wholesale buyers, distributors, and regular business orders. PVC Resin in 25 kg specification.",PVC,K67,25 kg,241.78,piece,100,Techno Supply Co,Pune,Limited Stock,4.2
P0268,Ceramic Wall Tile,Construction Materials,Industrial quality product suitable for bulk commercial procurement. Ceramic Wall Tile in 300x600 mm specification.,Ceramic,Glossy,300x600 mm,874.16,box,100,ABC Industries,Chennai,In Stock,4.7
P0269,LED Panel Light,Electrical,Quality-tested product with bulk supply capability. LED Panel Light in 24W specification.,Aluminium,Commercial,24W,1203.69,piece,250,Global Trade Hub,Mumbai,In Stock,4.2
P0270,Industrial Bearing,Hardware,Industrial quality product suitable for bulk commercial procurement. Industrial Bearing in 6205 specification.,Chrome Steel,6200 Series,6205,451.8,kg,50,Prime Traders,Coimbatore,In Stock,4.5
P0271,MCB Circuit Breaker,Electrical,Reliable supplier-grade material for manufacturing and industrial use. MCB Circuit Breaker in 16A specification.,Thermoplastic,B Curve,16A,501.12,meter,100,Techno Supply Co,Pune,Limited Stock,4.4
P0272,Industrial Electrical Switch,Electrical,Quality-tested product with bulk supply capability. Industrial Electrical Switch in 32A specification.,Polycarbonate,Heavy Duty,32A,1874.98,piece,100,ABC Industries,Chennai,Limited Stock,3.5
P0273,Polyester Fabric Roll,Textiles,Industrial quality product suitable for bulk commercial procurement. Polyester Fabric Roll in 1.8 m specification.,Polyester,Knitted,1.8 m,750.81,kg,250,Universal B2B Supplies,Kolkata,In Stock,4.0
P0274,Industrial Polyester Yarn,Textiles,"Suitable for wholesale buyers, distributors, and regular business orders. Industrial Polyester Yarn in 20s specification.",Polyester,Spun,20s,643.15,meter,250,National Engineering Works,Hyderabad,Limited Stock,4.4
P0275,Portland Cement,Construction Materials,"Suitable for wholesale buyers, distributors, and regular business orders. Portland Cement in 50 kg specification.",Cement,OPC 53 Grade,50 kg,1523.48,piece,1000,Global Trade Hub,Mumbai,In Stock,4.5
P0276,Corrugated Shipping Box,Packaging,Quality-tested product with bulk supply capability. Corrugated Shipping Box in 12x10x8 inch specification.,Kraft Paper,5 Ply,12x10x8 inch,33.65,box,100,National Engineering Works,Hyderabad,Limited Stock,4.4
P0277,Construction Plywood,Construction Materials,Reliable supplier-grade material for manufacturing and industrial use. Construction Plywood in 12 mm specification.,Hardwood,MR Grade,12 mm,881.14,piece,250,Sri Lakshmi Enterprises,Erode,Limited Stock,3.9
P0278,LED Panel Light,Electrical,Quality-tested product with bulk supply capability. LED Panel Light in 36W specification.,Aluminium,Commercial,36W,247.59,box,10,Evergreen Manufacturing,Ahmedabad,In Stock,3.8
P0279,Industrial Water Pump,Machinery,Quality-tested product with bulk supply capability. Industrial Water Pump in 5 HP specification.,Cast Iron,Centrifugal,5 HP,307742.38,piece,5,Apex Components,Delhi,Limited Stock,3.8
P0280,Portland Cement,Construction Materials,"Suitable for wholesale buyers, distributors, and regular business orders. Portland Cement in 25 kg specification.",Cement,OPC 53 Grade,25 kg,68.52,piece,250,National Engineering Works,Hyderabad,In Stock,4.7
P0281,Construction Plywood,Construction Materials,"Suitable for wholesale buyers, distributors, and regular business orders. Construction Plywood in 18 mm specification.",Hardwood,MR Grade,18 mm,212.65,kg,50,Techno Supply Co,Pune,In Stock,4.6
P0282,Stainless Steel Nut,Hardware,"Suitable for wholesale buyers, distributors, and regular business orders. Stainless Steel Nut in M12 specification.",Stainless Steel,304,M12,1104.51,kg,100,Prime Traders,Coimbatore,In Stock,4.2
P0283,Corrugated Shipping Box,Packaging,"Suitable for wholesale buyers, distributors, and regular business orders. Corrugated Shipping Box in 18x12x10 inch specification.",Kraft Paper,5 Ply,18x12x10 inch,195.03,piece,100,Prime Traders,Coimbatore,Limited Stock,3.7
P0284,MCB Circuit Breaker,Electrical,Reliable supplier-grade material for manufacturing and industrial use. MCB Circuit Breaker in 16A specification.,Thermoplastic,B Curve,16A,1476.78,box,250,ABC Industries,Chennai,In Stock,5.0
P0285,Calcium Carbonate Powder,Chemicals,Quality-tested product with bulk supply capability. Calcium Carbonate Powder in 1000 kg specification.,Calcium Carbonate,Industrial Grade,1000 kg,478.58,kg,25,National Engineering Works,Hyderabad,In Stock,5.0
P0286,MCB Circuit Breaker,Electrical,Quality-tested product with bulk supply capability. MCB Circuit Breaker in 16A specification.,Thermoplastic,B Curve,16A,1813.12,piece,1000,Sri Lakshmi Enterprises,Erode,Limited Stock,3.7
P0287,Titanium Dioxide,Chemicals,"Suitable for wholesale buyers, distributors, and regular business orders. Titanium Dioxide in 500 kg specification.",Titanium Dioxide,Rutile Grade,500 kg,83.98,kg,100,Kaveri Industrial Solutions,Madurai,In Stock,4.2
P0288,Door Hinge,Hardware,Quality-tested product with bulk supply capability. Door Hinge in 5 inch specification.,Stainless Steel,Heavy Duty,5 inch,1303.62,kg,50,ABC Industries,Chennai,In Stock,4.8
P0289,Lead Acid Automotive Battery,Automotive,"Suitable for wholesale buyers, distributors, and regular business orders. Lead Acid Automotive Battery in 35 Ah specification.",Lead Acid,Maintenance Free,35 Ah,9924.44,meter,50,South India Materials,Salem,In Stock,4.0
P0290,Ceramic Wall Tile,Construction Materials,Industrial quality product suitable for bulk commercial procurement. Ceramic Wall Tile in 600x600 mm specification.,Ceramic,Glossy,600x600 mm,1421.06,kg,10,Kaveri Industrial Solutions,Madurai,Limited Stock,3.5
P0291,Industrial Electrical Switch,Electrical,Reliable supplier-grade material for manufacturing and industrial use. Industrial Electrical Switch in 32A specification.,Polycarbonate,Heavy Duty,32A,2480.58,meter,25,ABC Industries,Chennai,In Stock,3.7
P0292,Caustic Soda Flakes,Chemicals,Quality-tested product with bulk supply capability. Caustic Soda Flakes in 50 kg specification.,Sodium Hydroxide,Industrial Grade,50 kg,87.09,piece,10,National Engineering Works,Hyderabad,In Stock,4.6
P0293,Industrial Polyester Yarn,Textiles,Quality-tested product with bulk supply capability. Industrial Polyester Yarn in 40s specification.,Polyester,Spun,40s,668.88,kg,25,Prime Traders,Coimbatore,In Stock,3.7
P0294,Industrial Polyester Yarn,Textiles,Quality-tested product with bulk supply capability. Industrial Polyester Yarn in 20s specification.,Polyester,Spun,20s,662.57,kg,1000,ABC Industries,Chennai,In Stock,4.2
P0295,Industrial Polyester Yarn,Textiles,"Suitable for wholesale buyers, distributors, and regular business orders. Industrial Polyester Yarn in 20s specification.",Polyester,Spun,20s,748.65,kg,50,Universal B2B Supplies,Kolkata,In Stock,3.7
P0296,MCB Circuit Breaker,Electrical,"Suitable for wholesale buyers, distributors, and regular business orders. MCB Circuit Breaker in 6A specification.",Thermoplastic,B Curve,6A,1460.63,piece,100,Techno Supply Co,Pune,In Stock,4.4
P0297,Industrial Electrical Switch,Electrical,Industrial quality product suitable for bulk commercial procurement. Industrial Electrical Switch in 63A specification.,Polycarbonate,Heavy Duty,63A,1172.87,piece,10,Apex Components,Delhi,In Stock,4.6
P0298,Construction Plywood,Construction Materials,"Suitable for wholesale buyers, distributors, and regular business orders. Construction Plywood in 12 mm specification.",Hardwood,MR Grade,12 mm,572.96,piece,25,South India Materials,Salem,In Stock,3.9
P0299,AAC Block,Construction Materials,Reliable supplier-grade material for manufacturing and industrial use. AAC Block in 600x200x100 mm specification.,Autoclaved Aerated Concrete,Grade 4,600x200x100 mm,1577.73,piece,250,Apex Components,Delhi,Limited Stock,3.9
P0300,Carbon Steel Pipe,Steel,Industrial quality product suitable for bulk commercial procurement. Carbon Steel Pipe in 4 inch specification.,Carbon steel,IS 2062,4 inch,121.72,meter,500,South India Materials,Salem,In Stock,5.0
P0301,PP Woven Sack,Packaging,Quality-tested product with bulk supply capability. PP Woven Sack in 50 kg specification.,Polypropylene,Laminated,50 kg,108.11,kg,100,Evergreen Manufacturing,Ahmedabad,In Stock,3.5
P0302,HDPE Granules,Plastic,Quality-tested product with bulk supply capability. HDPE Granules in 500 kg specification.,HDPE,Injection Grade,500 kg,79.16,kg,1000,Metro Industrial Supplies,Bengaluru,In Stock,4.4
P0303,Lead Acid Automotive Battery,Automotive,Industrial quality product suitable for bulk commercial procurement. Lead Acid Automotive Battery in 55 Ah specification.,Lead Acid,Maintenance Free,55 Ah,4916.99,piece,50,Universal B2B Supplies,Kolkata,In Stock,3.6
P0304,Polyester Fabric Roll,Textiles,Quality-tested product with bulk supply capability. Polyester Fabric Roll in 2 m specification.,Polyester,Knitted,2 m,424.77,kg,50,Global Trade Hub,Mumbai,In Stock,3.6
P0305,LDPE Film Roll,Plastic,Reliable supplier-grade material for manufacturing and industrial use. LDPE Film Roll in 50 micron specification.,LDPE,Film Grade,50 micron,210.83,kg,50,Kaveri Industrial Solutions,Madurai,In Stock,3.5
P0306,Copper Electrical Cable,Electrical,"Suitable for wholesale buyers, distributors, and regular business orders. Copper Electrical Cable in 2.5 sq mm specification.",Copper,FR,2.5 sq mm,2388.18,box,25,Kaveri Industrial Solutions,Madurai,In Stock,4.6
P0307,Caustic Soda Flakes,Chemicals,Industrial quality product suitable for bulk commercial procurement. Caustic Soda Flakes in 25 kg specification.,Sodium Hydroxide,Industrial Grade,25 kg,413.2,box,250,Global Trade Hub,Mumbai,In Stock,4.6
P0308,Portland Cement,Construction Materials,Reliable supplier-grade material for manufacturing and industrial use. Portland Cement in 50 kg specification.,Cement,OPC 53 Grade,50 kg,924.3,kg,100,Kaveri Industrial Solutions,Madurai,In Stock,3.7
P0309,HDPE Granules,Plastic,Industrial quality product suitable for bulk commercial procurement. HDPE Granules in 25 kg specification.,HDPE,Injection Grade,25 kg,187.03,kg,1000,Universal B2B Supplies,Kolkata,In Stock,3.6
P0310,PET Packaging Bottle,Packaging,Quality-tested product with bulk supply capability. PET Packaging Bottle in 250 ml specification.,PET,Food Grade,250 ml,233.13,piece,1000,Sri Lakshmi Enterprises,Erode,In Stock,4.0
P0311,Hydraulic Press Machine,Machinery,Industrial quality product suitable for bulk commercial procurement. Hydraulic Press Machine in 50 Ton specification.,Steel,Hydraulic,50 Ton,353633.18,piece,1,Prime Traders,Coimbatore,In Stock,3.8
P0312,Automotive Brake Pad,Automotive,"Suitable for wholesale buyers, distributors, and regular business orders. Automotive Brake Pad in Rear specification.",Semi Metallic,OEM Grade,Rear,10542.35,box,1000,Prime Traders,Coimbatore,In Stock,3.6
P0313,Hex Bolt,Hardware,Reliable supplier-grade material for manufacturing and industrial use. Hex Bolt in M10 specification.,Carbon Steel,Grade 8.8,M10,438.81,box,1000,Metro Industrial Supplies,Bengaluru,Limited Stock,4.1
P0314,Stainless Steel Nut,Hardware,Reliable supplier-grade material for manufacturing and industrial use. Stainless Steel Nut in M8 specification.,Stainless Steel,304,M8,11.55,box,50,Sri Lakshmi Enterprises,Erode,In Stock,4.5
P0315,GI Steel Sheet,Steel,Reliable supplier-grade material for manufacturing and industrial use. GI Steel Sheet in 0.5 mm specification.,Galvanized steel,IS 277,0.5 mm,219.22,box,10,Apex Components,Delhi,In Stock,4.1
P0316,Carbon Steel Pipe,Steel,Quality-tested product with bulk supply capability. Carbon Steel Pipe in 3 inch specification.,Carbon steel,IS 2062,3 inch,96.24,piece,1000,Prime Traders,Coimbatore,In Stock,4.2
P0317,HDPE Granules,Plastic,Industrial quality product suitable for bulk commercial procurement. HDPE Granules in 1000 kg specification.,HDPE,Injection Grade,1000 kg,216.56,meter,10,Sri Lakshmi Enterprises,Erode,Limited Stock,4.5
P0318,MCB Circuit Breaker,Electrical,"Suitable for wholesale buyers, distributors, and regular business orders. MCB Circuit Breaker in 32A specification.",Thermoplastic,B Curve,32A,2145.17,meter,500,National Engineering Works,Hyderabad,In Stock,4.2
P0319,100% Cotton T-Shirt,Textiles,Industrial quality product suitable for bulk commercial procurement. 100% Cotton T-Shirt in M specification.,Cotton,Combed,M,728.35,kg,25,Sri Lakshmi Enterprises,Erode,In Stock,4.2
P0320,PET Packaging Bottle,Packaging,"Suitable for wholesale buyers, distributors, and regular business orders. PET Packaging Bottle in 250 ml specification.",PET,Food Grade,250 ml,92.78,piece,500,Techno Supply Co,Pune,Limited Stock,3.9
P0321,HDPE Granules,Plastic,"Suitable for wholesale buyers, distributors, and regular business orders. HDPE Granules in 25 kg specification.",HDPE,Injection Grade,25 kg,139.97,kg,25,Apex Components,Delhi,In Stock,3.6
P0322,Cotton Grey Fabric,Textiles,Reliable supplier-grade material for manufacturing and industrial use. Cotton Grey Fabric in 58 inch specification.,Cotton,Greige,58 inch,158.18,box,50,Techno Supply Co,Pune,In Stock,4.9
P0323,Stainless Steel Nut,Hardware,Industrial quality product suitable for bulk commercial procurement. Stainless Steel Nut in M6 specification.,Stainless Steel,304,M6,154.66,piece,50,Kaveri Industrial Solutions,Madurai,In Stock,4.7
P0324,Polyester Fabric Roll,Textiles,"Suitable for wholesale buyers, distributors, and regular business orders. Polyester Fabric Roll in 1.5 m specification.",Polyester,Knitted,1.5 m,410.35,kg,250,South India Materials,Salem,In Stock,3.5
P0325,PP Granules,Plastic,"Suitable for wholesale buyers, distributors, and regular business orders. PP Granules in 1000 kg specification.",Polypropylene,Injection Grade,1000 kg,256.14,kg,1000,Kaveri Industrial Solutions,Madurai,In Stock,3.6
P0326,Hex Bolt,Hardware,Quality-tested product with bulk supply capability. Hex Bolt in M8 specification.,Carbon Steel,Grade 8.8,M8,650.87,kg,500,Evergreen Manufacturing,Ahmedabad,In Stock,4.1
P0327,CNC Turning Machine,Machinery,"Suitable for wholesale buyers, distributors, and regular business orders. CNC Turning Machine in 3 Axis specification.",Cast Iron,CNC,3 Axis,547274.92,piece,2,Metro Industrial Supplies,Bengaluru,Limited Stock,4.8
P0328,Carbon Steel Pipe,Steel,Industrial quality product suitable for bulk commercial procurement. Carbon Steel Pipe in 3 inch specification.,Carbon steel,IS 2062,3 inch,232.44,meter,10,Kaveri Industrial Solutions,Madurai,In Stock,4.1
P0329,CNC Turning Machine,Machinery,Industrial quality product suitable for bulk commercial procurement. CNC Turning Machine in 2 Axis specification.,Cast Iron,CNC,2 Axis,596600.18,piece,5,Apex Components,Delhi,Limited Stock,4.7
P0330,PET Packaging Bottle,Packaging,"Suitable for wholesale buyers, distributors, and regular business orders. PET Packaging Bottle in 1 L specification.",PET,Food Grade,1 L,89.29,kg,1000,Kaveri Industrial Solutions,Madurai,Limited Stock,3.9
P0331,GI Steel Sheet,Steel,Quality-tested product with bulk supply capability. GI Steel Sheet in 1 mm specification.,Galvanized steel,IS 277,1 mm,411.43,box,10,ABC Industries,Chennai,In Stock,4.7
P0332,Polyester Fabric Roll,Textiles,Industrial quality product suitable for bulk commercial procurement. Polyester Fabric Roll in 1.5 m specification.,Polyester,Knitted,1.5 m,632.35,box,250,Metro Industrial Supplies,Bengaluru,In Stock,4.4
P0333,Hydraulic Press Machine,Machinery,"Suitable for wholesale buyers, distributors, and regular business orders. Hydraulic Press Machine in 20 Ton specification.",Steel,Hydraulic,20 Ton,161016.9,piece,2,Sri Lakshmi Enterprises,Erode,In Stock,4.6
P0334,PP Woven Sack,Packaging,Industrial quality product suitable for bulk commercial procurement. PP Woven Sack in 25 kg specification.,Polypropylene,Laminated,25 kg,137.82,piece,500,Kaveri Industrial Solutions,Madurai,In Stock,3.6
P0335,Ceramic Wall Tile,Construction Materials,Reliable supplier-grade material for manufacturing and industrial use. Ceramic Wall Tile in 300x450 mm specification.,Ceramic,Glossy,300x450 mm,865.6,box,250,Techno Supply Co,Pune,In Stock,4.0
P0336,LED Panel Light,Electrical,Industrial quality product suitable for bulk commercial procurement. LED Panel Light in 12W specification.,Aluminium,Commercial,12W,471.55,piece,1000,ABC Industries,Chennai,In Stock,4.9
P0337,PET Packaging Bottle,Packaging,Reliable supplier-grade material for manufacturing and industrial use. PET Packaging Bottle in 1 L specification.,PET,Food Grade,1 L,87.46,box,100,Prime Traders,Coimbatore,Limited Stock,4.7
P0338,Door Hinge,Hardware,"Suitable for wholesale buyers, distributors, and regular business orders. Door Hinge in 3 inch specification.",Stainless Steel,Heavy Duty,3 inch,1453.18,kg,1000,Universal B2B Supplies,Kolkata,In Stock,4.5
P0339,Industrial Electrical Switch,Electrical,Industrial quality product suitable for bulk commercial procurement. Industrial Electrical Switch in 32A specification.,Polycarbonate,Heavy Duty,32A,1758.63,piece,25,Universal B2B Supplies,Kolkata,Limited Stock,4.8
P0340,Portland Cement,Construction Materials,Industrial quality product suitable for bulk commercial procurement. Portland Cement in 25 kg specification.,Cement,OPC 53 Grade,25 kg,579.61,piece,500,Evergreen Manufacturing,Ahmedabad,Limited Stock,3.7
P0341,PP Granules,Plastic,"Suitable for wholesale buyers, distributors, and regular business orders. PP Granules in 500 kg specification.",Polypropylene,Injection Grade,500 kg,108.61,kg,1000,Global Trade Hub,Mumbai,Limited Stock,3.5
P0342,Polyester Fabric Roll,Textiles,Industrial quality product suitable for bulk commercial procurement. Polyester Fabric Roll in 2 m specification.,Polyester,Knitted,2 m,393.38,kg,500,Prime Traders,Coimbatore,In Stock,4.1
P0343,CNC Turning Machine,Machinery,Quality-tested product with bulk supply capability. CNC Turning Machine in 3 Axis specification.,Cast Iron,CNC,3 Axis,532018.13,piece,2,Kaveri Industrial Solutions,Madurai,In Stock,4.7
P0344,Ceramic Wall Tile,Construction Materials,Industrial quality product suitable for bulk commercial procurement. Ceramic Wall Tile in 300x450 mm specification.,Ceramic,Glossy,300x450 mm,141.94,kg,50,Kaveri Industrial Solutions,Madurai,In Stock,3.9
P0345,HDPE Granules,Plastic,Industrial quality product suitable for bulk commercial procurement. HDPE Granules in 500 kg specification.,HDPE,Injection Grade,500 kg,274.22,piece,500,Sri Lakshmi Enterprises,Erode,In Stock,4.0
P0346,Construction Plywood,Construction Materials,Quality-tested product with bulk supply capability. Construction Plywood in 18 mm specification.,Hardwood,MR Grade,18 mm,782.07,piece,250,ABC Industries,Chennai,In Stock,3.6
P0347,PP Woven Sack,Packaging,"Suitable for wholesale buyers, distributors, and regular business orders. PP Woven Sack in 25 kg specification.",Polypropylene,Laminated,25 kg,175.81,kg,1000,South India Materials,Salem,In Stock,3.9
P0348,HDPE Granules,Plastic,Industrial quality product suitable for bulk commercial procurement. HDPE Granules in 500 kg specification.,HDPE,Injection Grade,500 kg,196.42,meter,25,Evergreen Manufacturing,Ahmedabad,In Stock,3.5
P0349,PVC Resin,Plastic,Industrial quality product suitable for bulk commercial procurement. PVC Resin in 1000 kg specification.,PVC,K67,1000 kg,208.05,piece,10,Apex Components,Delhi,In Stock,3.8
P0350,Caustic Soda Flakes,Chemicals,Quality-tested product with bulk supply capability. Caustic Soda Flakes in 50 kg specification.,Sodium Hydroxide,Industrial Grade,50 kg,188.76,meter,100,Prime Traders,Coimbatore,In Stock,3.6
P0351,Lead Acid Automotive Battery,Automotive,Quality-tested product with bulk supply capability. Lead Acid Automotive Battery in 35 Ah specification.,Lead Acid,Maintenance Free,35 Ah,10643.09,box,25,Global Trade Hub,Mumbai,In Stock,3.9
P0352,Door Hinge,Hardware,Industrial quality product suitable for bulk commercial procurement. Door Hinge in 3 inch specification.,Stainless Steel,Heavy Duty,3 inch,847.24,piece,50,National Engineering Works,Hyderabad,In Stock,4.7
P0353,CNC Turning Machine,Machinery,Quality-tested product with bulk supply capability. CNC Turning Machine in 2 Axis specification.,Cast Iron,CNC,2 Axis,495583.0,piece,2,South India Materials,Salem,In Stock,4.2
P0354,LDPE Film Roll,Plastic,Quality-tested product with bulk supply capability. LDPE Film Roll in 150 micron specification.,LDPE,Film Grade,150 micron,185.48,piece,10,ABC Industries,Chennai,In Stock,4.9
P0355,MCB Circuit Breaker,Electrical,Quality-tested product with bulk supply capability. MCB Circuit Breaker in 16A specification.,Thermoplastic,B Curve,16A,221.57,kg,500,Sri Lakshmi Enterprises,Erode,In Stock,5.0
P0356,LED Panel Light,Electrical,Quality-tested product with bulk supply capability. LED Panel Light in 24W specification.,Aluminium,Commercial,24W,2295.73,kg,10,Universal B2B Supplies,Kolkata,Limited Stock,4.3
P0357,Titanium Dioxide,Chemicals,Quality-tested product with bulk supply capability. Titanium Dioxide in 25 kg specification.,Titanium Dioxide,Rutile Grade,25 kg,330.38,meter,10,Universal B2B Supplies,Kolkata,In Stock,3.7
P0358,Portland Cement,Construction Materials,"Suitable for wholesale buyers, distributors, and regular business orders. Portland Cement in 25 kg specification.",Cement,OPC 53 Grade,25 kg,1405.39,box,1000,Evergreen Manufacturing,Ahmedabad,Limited Stock,3.9
P0359,Industrial Bearing,Hardware,Quality-tested product with bulk supply capability. Industrial Bearing in 6202 specification.,Chrome Steel,6200 Series,6202,414.57,piece,1000,Sri Lakshmi Enterprises,Erode,In Stock,4.1
P0360,PP Woven Sack,Packaging,Industrial quality product suitable for bulk commercial procurement. PP Woven Sack in 25 kg specification.,Polypropylene,Laminated,25 kg,121.43,box,250,Universal B2B Supplies,Kolkata,In Stock,4.7
P0361,Calcium Carbonate Powder,Chemicals,Reliable supplier-grade material for manufacturing and industrial use. Calcium Carbonate Powder in 500 kg specification.,Calcium Carbonate,Industrial Grade,500 kg,436.21,kg,1000,Kaveri Industrial Solutions,Madurai,In Stock,4.0
P0362,Door Hinge,Hardware,Reliable supplier-grade material for manufacturing and industrial use. Door Hinge in 4 inch specification.,Stainless Steel,Heavy Duty,4 inch,626.33,kg,50,Universal B2B Supplies,Kolkata,Limited Stock,3.8
P0363,Industrial Water Pump,Machinery,Reliable supplier-grade material for manufacturing and industrial use. Industrial Water Pump in 10 HP specification.,Cast Iron,Centrifugal,10 HP,497085.0,piece,5,Global Trade Hub,Mumbai,In Stock,4.0
P0364,Lead Acid Automotive Battery,Automotive,Reliable supplier-grade material for manufacturing and industrial use. Lead Acid Automotive Battery in 35 Ah specification.,Lead Acid,Maintenance Free,35 Ah,10570.09,kg,25,Techno Supply Co,Pune,In Stock,4.8
P0365,100% Cotton T-Shirt,Textiles,"Suitable for wholesale buyers, distributors, and regular business orders. 100% Cotton T-Shirt in XL specification.",Cotton,Combed,XL,836.06,piece,50,ABC Industries,Chennai,Limited Stock,4.3
P0366,HDPE Granules,Plastic,Quality-tested product with bulk supply capability. HDPE Granules in 25 kg specification.,HDPE,Injection Grade,25 kg,182.42,meter,25,Global Trade Hub,Mumbai,In Stock,4.0
P0367,Caustic Soda Flakes,Chemicals,Reliable supplier-grade material for manufacturing and industrial use. Caustic Soda Flakes in 50 kg specification.,Sodium Hydroxide,Industrial Grade,50 kg,223.95,piece,1000,ABC Industries,Chennai,In Stock,4.5
P0368,Cotton Grey Fabric,Textiles,Reliable supplier-grade material for manufacturing and industrial use. Cotton Grey Fabric in 60 inch specification.,Cotton,Greige,60 inch,520.36,kg,100,South India Materials,Salem,In Stock,4.4
P0369,Carbon Steel Pipe,Steel,"Suitable for wholesale buyers, distributors, and regular business orders. Carbon Steel Pipe in 3 inch specification.",Carbon steel,IS 2062,3 inch,377.88,box,500,Evergreen Manufacturing,Ahmedabad,Limited Stock,4.8
P0370,PET Packaging Bottle,Packaging,Quality-tested product with bulk supply capability. PET Packaging Bottle in 500 ml specification.,PET,Food Grade,500 ml,119.34,kg,1000,Metro Industrial Supplies,Bengaluru,In Stock,3.5
P0371,Stretch Film Roll,Packaging,"Suitable for wholesale buyers, distributors, and regular business orders. Stretch Film Roll in 30 micron specification.",LLDPE,Industrial,30 micron,31.49,piece,250,Apex Components,Delhi,In Stock,4.8
P0372,Calcium Carbonate Powder,Chemicals,Quality-tested product with bulk supply capability. Calcium Carbonate Powder in 25 kg specification.,Calcium Carbonate,Industrial Grade,25 kg,282.78,piece,10,Sri Lakshmi Enterprises,Erode,In Stock,4.5
P0373,MS Steel Plate,Steel,Industrial quality product suitable for bulk commercial procurement. MS Steel Plate in 8 mm specification.,Mild steel,IS 2062,8 mm,415.56,meter,100,National Engineering Works,Hyderabad,In Stock,4.0
P0374,Industrial Polyester Yarn,Textiles,Reliable supplier-grade material for manufacturing and industrial use. Industrial Polyester Yarn in 40s specification.,Polyester,Spun,40s,515.71,piece,1000,Global Trade Hub,Mumbai,In Stock,3.6
P0375,LED Panel Light,Electrical,"Suitable for wholesale buyers, distributors, and regular business orders. LED Panel Light in 18W specification.",Aluminium,Commercial,18W,2261.03,kg,25,Apex Components,Delhi,In Stock,4.6
P0376,Titanium Dioxide,Chemicals,Industrial quality product suitable for bulk commercial procurement. Titanium Dioxide in 500 kg specification.,Titanium Dioxide,Rutile Grade,500 kg,167.25,box,100,Global Trade Hub,Mumbai,Limited Stock,3.6
P0377,Portland Cement,Construction Materials,"Suitable for wholesale buyers, distributors, and regular business orders. Portland Cement in 50 kg specification.",Cement,OPC 53 Grade,50 kg,905.85,meter,250,Metro Industrial Supplies,Bengaluru,Limited Stock,3.6
P0378,MCB Circuit Breaker,Electrical,"Suitable for wholesale buyers, distributors, and regular business orders. MCB Circuit Breaker in 16A specification.",Thermoplastic,B Curve,16A,1093.88,meter,25,Global Trade Hub,Mumbai,In Stock,4.7
P0379,Door Hinge,Hardware,Quality-tested product with bulk supply capability. Door Hinge in 5 inch specification.,Stainless Steel,Heavy Duty,5 inch,471.49,piece,50,Sri Lakshmi Enterprises,Erode,In Stock,3.8
P0380,MCB Circuit Breaker,Electrical,Quality-tested product with bulk supply capability. MCB Circuit Breaker in 63A specification.,Thermoplastic,B Curve,63A,427.99,meter,500,Prime Traders,Coimbatore,Limited Stock,4.1
P0381,Industrial Bearing,Hardware,Industrial quality product suitable for bulk commercial procurement. Industrial Bearing in 6202 specification.,Chrome Steel,6200 Series,6202,801.61,kg,250,ABC Industries,Chennai,In Stock,4.6
P0382,Engine Oil Filter,Automotive,"Suitable for wholesale buyers, distributors, and regular business orders. Engine Oil Filter in Small specification.",Steel,OEM Grade,Small,198.87,piece,25,Apex Components,Delhi,In Stock,3.7
P0383,Hydraulic Press Machine,Machinery,"Suitable for wholesale buyers, distributors, and regular business orders. Hydraulic Press Machine in 20 Ton specification.",Steel,Hydraulic,20 Ton,498710.2,piece,2,Prime Traders,Coimbatore,Limited Stock,4.6
P0384,AAC Block,Construction Materials,"Suitable for wholesale buyers, distributors, and regular business orders. AAC Block in 600x200x150 mm specification.",Autoclaved Aerated Concrete,Grade 4,600x200x150 mm,1791.9,box,100,Apex Components,Delhi,In Stock,3.7
P0385,Industrial Air Compressor,Machinery,Reliable supplier-grade material for manufacturing and industrial use. Industrial Air Compressor in 5 HP specification.,Cast Iron,Reciprocating,5 HP,443122.08,piece,1,Metro Industrial Supplies,Bengaluru,In Stock,4.4
P0386,Copper Electrical Cable,Electrical,"Suitable for wholesale buyers, distributors, and regular business orders. Copper Electrical Cable in 4 sq mm specification.",Copper,FR,4 sq mm,1668.29,kg,100,Universal B2B Supplies,Kolkata,In Stock,4.4
P0387,Stainless Steel Pipe 304,Steel,Quality-tested product with bulk supply capability. Stainless Steel Pipe 304 in 1 inch specification.,Stainless steel,304,1 inch,335.21,meter,100,ABC Industries,Chennai,In Stock,4.3
P0388,Stainless Steel Nut,Hardware,Quality-tested product with bulk supply capability. Stainless Steel Nut in M8 specification.,Stainless Steel,304,M8,1029.24,piece,250,Universal B2B Supplies,Kolkata,In Stock,4.5
P0389,Citric Acid Powder,Chemicals,Industrial quality product suitable for bulk commercial procurement. Citric Acid Powder in 50 kg specification.,Citric Acid,Food Grade,50 kg,280.21,kg,50,Prime Traders,Coimbatore,In Stock,4.2
P0390,Ceramic Wall Tile,Construction Materials,Quality-tested product with bulk supply capability. Ceramic Wall Tile in 300x600 mm specification.,Ceramic,Glossy,300x600 mm,1751.88,box,500,Techno Supply Co,Pune,In Stock,3.7
P0391,Lead Acid Automotive Battery,Automotive,Industrial quality product suitable for bulk commercial procurement. Lead Acid Automotive Battery in 35 Ah specification.,Lead Acid,Maintenance Free,35 Ah,11207.52,box,25,Universal B2B Supplies,Kolkata,In Stock,4.5
P0392,LDPE Film Roll,Plastic,Industrial quality product suitable for bulk commercial procurement. LDPE Film Roll in 50 micron specification.,LDPE,Film Grade,50 micron,249.29,kg,500,Prime Traders,Coimbatore,In Stock,4.5
P0393,Door Hinge,Hardware,"Suitable for wholesale buyers, distributors, and regular business orders. Door Hinge in 4 inch specification.",Stainless Steel,Heavy Duty,4 inch,77.02,piece,50,Kaveri Industrial Solutions,Madurai,In Stock,4.7
P0394,PET Packaging Bottle,Packaging,Reliable supplier-grade material for manufacturing and industrial use. PET Packaging Bottle in 1 L specification.,PET,Food Grade,1 L,28.27,piece,50,Prime Traders,Coimbatore,In Stock,4.0
P0395,Door Hinge,Hardware,Industrial quality product suitable for bulk commercial procurement. Door Hinge in 5 inch specification.,Stainless Steel,Heavy Duty,5 inch,560.19,box,100,Prime Traders,Coimbatore,Limited Stock,4.1
P0396,Door Hinge,Hardware,Industrial quality product suitable for bulk commercial procurement. Door Hinge in 4 inch specification.,Stainless Steel,Heavy Duty,4 inch,1276.31,box,100,Universal B2B Supplies,Kolkata,In Stock,4.5
P0397,Carbon Steel Pipe,Steel,Quality-tested product with bulk supply capability. Carbon Steel Pipe in 1 inch specification.,Carbon steel,IS 2062,1 inch,417.15,meter,1000,South India Materials,Salem,In Stock,4.4
P0398,Corrugated Shipping Box,Packaging,Quality-tested product with bulk supply capability. Corrugated Shipping Box in 24x18x12 inch specification.,Kraft Paper,5 Ply,24x18x12 inch,243.49,piece,500,Universal B2B Supplies,Kolkata,In Stock,4.8
P0399,Hex Bolt,Hardware,Reliable supplier-grade material for manufacturing and industrial use. Hex Bolt in M6 specification.,Carbon Steel,Grade 8.8,M6,983.15,piece,1000,National Engineering Works,Hyderabad,In Stock,4.3
P0400,Portland Cement,Construction Materials,Quality-tested product with bulk supply capability. Portland Cement in 50 kg specification.,Cement,OPC 53 Grade,50 kg,1310.71,meter,50,Apex Components,Delhi,In Stock,4.8
P0401,Automotive Brake Pad,Automotive,Quality-tested product with bulk supply capability. Automotive Brake Pad in Front specification.,Semi Metallic,OEM Grade,Front,11222.3,meter,1000,Apex Components,Delhi,In Stock,3.6
P0402,Door Hinge,Hardware,Reliable supplier-grade material for manufacturing and industrial use. Door Hinge in 3 inch specification.,Stainless Steel,Heavy Duty,3 inch,1455.28,piece,1000,Global Trade Hub,Mumbai,Limited Stock,4.1
P0403,100% Cotton T-Shirt,Textiles,Quality-tested product with bulk supply capability. 100% Cotton T-Shirt in XL specification.,Cotton,Combed,XL,744.98,meter,10,Kaveri Industrial Solutions,Madurai,Limited Stock,4.0
P0404,Hex Bolt,Hardware,Industrial quality product suitable for bulk commercial procurement. Hex Bolt in M6 specification.,Carbon Steel,Grade 8.8,M6,619.68,kg,1000,South India Materials,Salem,In Stock,4.7
P0405,AAC Block,Construction Materials,Industrial quality product suitable for bulk commercial procurement. AAC Block in 600x200x100 mm specification.,Autoclaved Aerated Concrete,Grade 4,600x200x100 mm,1211.94,box,50,Apex Components,Delhi,In Stock,4.8
P0406,PET Packaging Bottle,Packaging,Industrial quality product suitable for bulk commercial procurement. PET Packaging Bottle in 1 L specification.,PET,Food Grade,1 L,94.01,box,50,Apex Components,Delhi,In Stock,3.5
P0407,Stretch Film Roll,Packaging,Reliable supplier-grade material for manufacturing and industrial use. Stretch Film Roll in 50 micron specification.,LLDPE,Industrial,50 micron,96.6,piece,50,Techno Supply Co,Pune,Limited Stock,3.7
P0408,Industrial Air Compressor,Machinery,Quality-tested product with bulk supply capability. Industrial Air Compressor in 10 HP specification.,Cast Iron,Reciprocating,10 HP,137654.84,piece,1,Evergreen Manufacturing,Ahmedabad,In Stock,4.2
P0409,Cotton Grey Fabric,Textiles,Quality-tested product with bulk supply capability. Cotton Grey Fabric in 44 inch specification.,Cotton,Greige,44 inch,156.27,kg,1000,South India Materials,Salem,Limited Stock,4.5
P0410,Engine Oil Filter,Automotive,Quality-tested product with bulk supply capability. Engine Oil Filter in Medium specification.,Steel,OEM Grade,Medium,6434.82,kg,250,ABC Industries,Chennai,Limited Stock,4.9
P0411,MCB Circuit Breaker,Electrical,Quality-tested product with bulk supply capability. MCB Circuit Breaker in 16A specification.,Thermoplastic,B Curve,16A,1042.03,box,250,Prime Traders,Coimbatore,Limited Stock,5.0
P0412,Cotton Grey Fabric,Textiles,Reliable supplier-grade material for manufacturing and industrial use. Cotton Grey Fabric in 58 inch specification.,Cotton,Greige,58 inch,876.98,meter,1000,Global Trade Hub,Mumbai,In Stock,4.1
P0413,Automotive Rubber Hose,Automotive,Reliable supplier-grade material for manufacturing and industrial use. Automotive Rubber Hose in 1 inch specification.,EPDM Rubber,Heat Resistant,1 inch,10349.38,piece,25,Techno Supply Co,Pune,In Stock,4.5
P0414,MCB Circuit Breaker,Electrical,Quality-tested product with bulk supply capability. MCB Circuit Breaker in 32A specification.,Thermoplastic,B Curve,32A,394.66,box,250,Universal B2B Supplies,Kolkata,Limited Stock,4.5
P0415,Automotive Rubber Hose,Automotive,Reliable supplier-grade material for manufacturing and industrial use. Automotive Rubber Hose in 3/4 inch specification.,EPDM Rubber,Heat Resistant,3/4 inch,6344.35,kg,100,ABC Industries,Chennai,In Stock,4.5
P0416,Cotton Grey Fabric,Textiles,Industrial quality product suitable for bulk commercial procurement. Cotton Grey Fabric in 44 inch specification.,Cotton,Greige,44 inch,653.04,piece,1000,National Engineering Works,Hyderabad,In Stock,3.8
P0417,Automotive Brake Pad,Automotive,Quality-tested product with bulk supply capability. Automotive Brake Pad in Rear specification.,Semi Metallic,OEM Grade,Rear,1364.39,piece,500,Kaveri Industrial Solutions,Madurai,In Stock,4.3
P0418,Caustic Soda Flakes,Chemicals,Industrial quality product suitable for bulk commercial procurement. Caustic Soda Flakes in 50 kg specification.,Sodium Hydroxide,Industrial Grade,50 kg,237.45,box,250,South India Materials,Salem,In Stock,4.6
P0419,Industrial Polyester Yarn,Textiles,Reliable supplier-grade material for manufacturing and industrial use. Industrial Polyester Yarn in 20s specification.,Polyester,Spun,20s,669.61,box,1000,Apex Components,Delhi,In Stock,3.9
P0420,Copper Electrical Cable,Electrical,Industrial quality product suitable for bulk commercial procurement. Copper Electrical Cable in 2.5 sq mm specification.,Copper,FR,2.5 sq mm,1869.49,kg,100,Sri Lakshmi Enterprises,Erode,Limited Stock,3.9
P0421,Citric Acid Powder,Chemicals,Quality-tested product with bulk supply capability. Citric Acid Powder in 25 kg specification.,Citric Acid,Food Grade,25 kg,430.71,kg,50,Evergreen Manufacturing,Ahmedabad,In Stock,3.6
P0422,Corrugated Shipping Box,Packaging,"Suitable for wholesale buyers, distributors, and regular business orders. Corrugated Shipping Box in 24x18x12 inch specification.",Kraft Paper,5 Ply,24x18x12 inch,211.57,box,500,Evergreen Manufacturing,Ahmedabad,In Stock,4.7
P0423,PP Woven Sack,Packaging,Quality-tested product with bulk supply capability. PP Woven Sack in 25 kg specification.,Polypropylene,Laminated,25 kg,21.7,kg,100,Techno Supply Co,Pune,Limited Stock,3.6
P0424,Polyester Fabric Roll,Textiles,Quality-tested product with bulk supply capability. Polyester Fabric Roll in 2 m specification.,Polyester,Knitted,2 m,378.23,box,25,Global Trade Hub,Mumbai,In Stock,3.7
P0425,PET Packaging Bottle,Packaging,Industrial quality product suitable for bulk commercial procurement. PET Packaging Bottle in 250 ml specification.,PET,Food Grade,250 ml,155.36,kg,100,Apex Components,Delhi,In Stock,4.1
P0426,LDPE Film Roll,Plastic,"Suitable for wholesale buyers, distributors, and regular business orders. LDPE Film Roll in 100 micron specification.",LDPE,Film Grade,100 micron,236.51,kg,250,Techno Supply Co,Pune,Limited Stock,4.2
P0427,Citric Acid Powder,Chemicals,Industrial quality product suitable for bulk commercial procurement. Citric Acid Powder in 50 kg specification.,Citric Acid,Food Grade,50 kg,87.06,kg,25,Techno Supply Co,Pune,In Stock,3.8
P0428,Industrial Polyester Yarn,Textiles,Industrial quality product suitable for bulk commercial procurement. Industrial Polyester Yarn in 20s specification.,Polyester,Spun,20s,539.45,meter,500,Metro Industrial Supplies,Bengaluru,In Stock,3.5
P0429,Corrugated Shipping Box,Packaging,Industrial quality product suitable for bulk commercial procurement. Corrugated Shipping Box in 12x10x8 inch specification.,Kraft Paper,5 Ply,12x10x8 inch,18.3,box,1000,Prime Traders,Coimbatore,In Stock,4.9
P0430,Industrial Water Pump,Machinery,Industrial quality product suitable for bulk commercial procurement. Industrial Water Pump in 5 HP specification.,Cast Iron,Centrifugal,5 HP,257557.61,piece,2,Apex Components,Delhi,Limited Stock,4.5
P0431,Automotive Brake Pad,Automotive,Industrial quality product suitable for bulk commercial procurement. Automotive Brake Pad in Front specification.,Semi Metallic,OEM Grade,Front,7089.45,kg,50,Universal B2B Supplies,Kolkata,In Stock,4.7
P0432,Caustic Soda Flakes,Chemicals,Reliable supplier-grade material for manufacturing and industrial use. Caustic Soda Flakes in 50 kg specification.,Sodium Hydroxide,Industrial Grade,50 kg,221.64,kg,100,Kaveri Industrial Solutions,Madurai,In Stock,3.7
P0433,Hydraulic Press Machine,Machinery,"Suitable for wholesale buyers, distributors, and regular business orders. Hydraulic Press Machine in 100 Ton specification.",Steel,Hydraulic,100 Ton,196382.49,piece,5,Sri Lakshmi Enterprises,Erode,In Stock,4.3
P0434,Engine Oil Filter,Automotive,Industrial quality product suitable for bulk commercial procurement. Engine Oil Filter in Small specification.,Steel,OEM Grade,Small,209.6,meter,250,ABC Industries,Chennai,In Stock,3.8
P0435,PP Woven Sack,Packaging,Reliable supplier-grade material for manufacturing and industrial use. PP Woven Sack in 50 kg specification.,Polypropylene,Laminated,50 kg,213.61,piece,100,Apex Components,Delhi,In Stock,4.4
P0436,Citric Acid Powder,Chemicals,Quality-tested product with bulk supply capability. Citric Acid Powder in 25 kg specification.,Citric Acid,Food Grade,25 kg,351.94,kg,1000,Sri Lakshmi Enterprises,Erode,In Stock,3.9
P0437,PVC Resin,Plastic,"Suitable for wholesale buyers, distributors, and regular business orders. PVC Resin in 25 kg specification.",PVC,K67,25 kg,236.89,meter,50,Metro Industrial Supplies,Bengaluru,In Stock,4.5
P0438,100% Cotton T-Shirt,Textiles,Quality-tested product with bulk supply capability. 100% Cotton T-Shirt in L specification.,Cotton,Combed,L,174.45,piece,50,Evergreen Manufacturing,Ahmedabad,Limited Stock,4.0
P0439,Citric Acid Powder,Chemicals,"Suitable for wholesale buyers, distributors, and regular business orders. Citric Acid Powder in 50 kg specification.",Citric Acid,Food Grade,50 kg,481.4,piece,10,Global Trade Hub,Mumbai,In Stock,4.7
P0440,Hydraulic Press Machine,Machinery,Quality-tested product with bulk supply capability. Hydraulic Press Machine in 50 Ton specification.,Steel,Hydraulic,50 Ton,415758.6,piece,2,Sri Lakshmi Enterprises,Erode,Limited Stock,4.2
P0441,Titanium Dioxide,Chemicals,"Suitable for wholesale buyers, distributors, and regular business orders. Titanium Dioxide in 25 kg specification.",Titanium Dioxide,Rutile Grade,25 kg,340.5,kg,1000,Sri Lakshmi Enterprises,Erode,In Stock,4.8
P0442,Cotton Grey Fabric,Textiles,Industrial quality product suitable for bulk commercial procurement. Cotton Grey Fabric in 60 inch specification.,Cotton,Greige,60 inch,179.64,kg,10,Apex Components,Delhi,Limited Stock,4.7
P0443,100% Cotton T-Shirt,Textiles,Reliable supplier-grade material for manufacturing and industrial use. 100% Cotton T-Shirt in L specification.,Cotton,Combed,L,817.31,meter,500,Techno Supply Co,Pune,In Stock,4.1
P0444,AAC Block,Construction Materials,"Suitable for wholesale buyers, distributors, and regular business orders. AAC Block in 600x200x100 mm specification.",Autoclaved Aerated Concrete,Grade 4,600x200x100 mm,907.01,kg,100,Kaveri Industrial Solutions,Madurai,In Stock,4.5
P0445,Ceramic Wall Tile,Construction Materials,Reliable supplier-grade material for manufacturing and industrial use. Ceramic Wall Tile in 600x600 mm specification.,Ceramic,Glossy,600x600 mm,808.73,piece,250,Sri Lakshmi Enterprises,Erode,Limited Stock,4.9
P0446,Carbon Steel Pipe,Steel,Industrial quality product suitable for bulk commercial procurement. Carbon Steel Pipe in 4 inch specification.,Carbon steel,IS 2062,4 inch,103.26,box,25,Metro Industrial Supplies,Bengaluru,In Stock,4.3
P0447,PET Packaging Bottle,Packaging,Industrial quality product suitable for bulk commercial procurement. PET Packaging Bottle in 500 ml specification.,PET,Food Grade,500 ml,220.98,piece,250,Kaveri Industrial Solutions,Madurai,In Stock,4.8
P0448,Citric Acid Powder,Chemicals,"Suitable for wholesale buyers, distributors, and regular business orders. Citric Acid Powder in 50 kg specification.",Citric Acid,Food Grade,50 kg,220.33,kg,250,Apex Components,Delhi,Limited Stock,5.0
P0449,Industrial Polyester Yarn,Textiles,Industrial quality product suitable for bulk commercial procurement. Industrial Polyester Yarn in 30s specification.,Polyester,Spun,30s,499.75,meter,250,Global Trade Hub,Mumbai,In Stock,4.2
P0450,100% Cotton T-Shirt,Textiles,Industrial quality product suitable for bulk commercial procurement. 100% Cotton T-Shirt in L specification.,Cotton,Combed,L,237.19,piece,50,Metro Industrial Supplies,Bengaluru,In Stock,4.1
P0451,Corrugated Shipping Box,Packaging,Reliable supplier-grade material for manufacturing and industrial use. Corrugated Shipping Box in 18x12x10 inch specification.,Kraft Paper,5 Ply,18x12x10 inch,122.31,piece,1000,Apex Components,Delhi,Limited Stock,3.5
P0452,Carbon Steel Pipe,Steel,Reliable supplier-grade material for manufacturing and industrial use. Carbon Steel Pipe in 2 inch specification.,Carbon steel,IS 2062,2 inch,312.93,kg,250,Sri Lakshmi Enterprises,Erode,In Stock,3.7
P0453,Industrial Electrical Switch,Electrical,Reliable supplier-grade material for manufacturing and industrial use. Industrial Electrical Switch in 63A specification.,Polycarbonate,Heavy Duty,63A,1637.54,box,10,Evergreen Manufacturing,Ahmedabad,Limited Stock,4.4
P0454,Industrial Bearing,Hardware,Reliable supplier-grade material for manufacturing and industrial use. Industrial Bearing in 6204 specification.,Chrome Steel,6200 Series,6204,1245.88,kg,100,Metro Industrial Supplies,Bengaluru,In Stock,3.8
P0455,PET Packaging Bottle,Packaging,Reliable supplier-grade material for manufacturing and industrial use. PET Packaging Bottle in 1 L specification.,PET,Food Grade,1 L,21.87,box,500,Evergreen Manufacturing,Ahmedabad,In Stock,3.5
P0456,Lead Acid Automotive Battery,Automotive,Industrial quality product suitable for bulk commercial procurement. Lead Acid Automotive Battery in 35 Ah specification.,Lead Acid,Maintenance Free,35 Ah,1291.14,meter,250,Evergreen Manufacturing,Ahmedabad,In Stock,3.6
P0457,Copper Electrical Cable,Electrical,Quality-tested product with bulk supply capability. Copper Electrical Cable in 6 sq mm specification.,Copper,FR,6 sq mm,1121.23,kg,500,Techno Supply Co,Pune,In Stock,4.9
P0458,Industrial Bearing,Hardware,Industrial quality product suitable for bulk commercial procurement. Industrial Bearing in 6205 specification.,Chrome Steel,6200 Series,6205,1207.32,kg,1000,Evergreen Manufacturing,Ahmedabad,Limited Stock,3.7
P0459,Stainless Steel Nut,Hardware,"Suitable for wholesale buyers, distributors, and regular business orders. Stainless Steel Nut in M6 specification.",Stainless Steel,304,M6,898.24,kg,500,National Engineering Works,Hyderabad,In Stock,3.5
P0460,Stainless Steel Pipe 304,Steel,"Suitable for wholesale buyers, distributors, and regular business orders. Stainless Steel Pipe 304 in 1 inch specification.",Stainless steel,304,1 inch,322.18,box,100,South India Materials,Salem,In Stock,3.7
P0461,AAC Block,Construction Materials,"Suitable for wholesale buyers, distributors, and regular business orders. AAC Block in 600x200x150 mm specification.",Autoclaved Aerated Concrete,Grade 4,600x200x150 mm,768.18,box,250,Techno Supply Co,Pune,Limited Stock,4.6
P0462,Industrial Water Pump,Machinery,"Suitable for wholesale buyers, distributors, and regular business orders. Industrial Water Pump in 2 HP specification.",Cast Iron,Centrifugal,2 HP,346478.95,piece,2,Global Trade Hub,Mumbai,In Stock,4.4
P0463,CNC Turning Machine,Machinery,Reliable supplier-grade material for manufacturing and industrial use. CNC Turning Machine in 2 Axis specification.,Cast Iron,CNC,2 Axis,157118.5,piece,5,Universal B2B Supplies,Kolkata,In Stock,3.8
P0464,Hydraulic Press Machine,Machinery,Industrial quality product suitable for bulk commercial procurement. Hydraulic Press Machine in 100 Ton specification.,Steel,Hydraulic,100 Ton,425808.01,piece,5,Evergreen Manufacturing,Ahmedabad,In Stock,4.1
P0465,Stainless Steel Pipe 304,Steel,Industrial quality product suitable for bulk commercial procurement. Stainless Steel Pipe 304 in 2 inch specification.,Stainless steel,304,2 inch,422.57,meter,10,Kaveri Industrial Solutions,Madurai,In Stock,3.8
P0466,HDPE Granules,Plastic,"Suitable for wholesale buyers, distributors, and regular business orders. HDPE Granules in 1000 kg specification.",HDPE,Injection Grade,1000 kg,284.06,meter,250,South India Materials,Salem,In Stock,4.9
P0467,Industrial Electrical Switch,Electrical,Industrial quality product suitable for bulk commercial procurement. Industrial Electrical Switch in 32A specification.,Polycarbonate,Heavy Duty,32A,600.06,box,25,ABC Industries,Chennai,In Stock,4.4
P0468,GI Steel Sheet,Steel,"Suitable for wholesale buyers, distributors, and regular business orders. GI Steel Sheet in 1 mm specification.",Galvanized steel,IS 277,1 mm,80.11,piece,10,Apex Components,Delhi,Limited Stock,4.0
P0469,Industrial Water Pump,Machinery,Industrial quality product suitable for bulk commercial procurement. Industrial Water Pump in 10 HP specification.,Cast Iron,Centrifugal,10 HP,322702.05,piece,5,Metro Industrial Supplies,Bengaluru,In Stock,4.3
P0470,Automotive Rubber Hose,Automotive,Quality-tested product with bulk supply capability. Automotive Rubber Hose in 3/4 inch specification.,EPDM Rubber,Heat Resistant,3/4 inch,2831.6,piece,100,National Engineering Works,Hyderabad,In Stock,3.9
P0471,Industrial Air Compressor,Machinery,Industrial quality product suitable for bulk commercial procurement. Industrial Air Compressor in 15 HP specification.,Cast Iron,Reciprocating,15 HP,314322.27,piece,2,Prime Traders,Coimbatore,In Stock,4.8
P0472,AAC Block,Construction Materials,"Suitable for wholesale buyers, distributors, and regular business orders. AAC Block in 600x200x150 mm specification.",Autoclaved Aerated Concrete,Grade 4,600x200x150 mm,1018.07,piece,1000,South India Materials,Salem,Limited Stock,4.5
P0473,Portland Cement,Construction Materials,Reliable supplier-grade material for manufacturing and industrial use. Portland Cement in 50 kg specification.,Cement,OPC 53 Grade,50 kg,471.5,meter,500,Prime Traders,Coimbatore,In Stock,4.7
P0474,Hydraulic Press Machine,Machinery,Reliable supplier-grade material for manufacturing and industrial use. Hydraulic Press Machine in 100 Ton specification.,Steel,Hydraulic,100 Ton,30590.84,piece,2,Techno Supply Co,Pune,In Stock,3.6
P0475,Corrugated Shipping Box,Packaging,"Suitable for wholesale buyers, distributors, and regular business orders. Corrugated Shipping Box in 24x18x12 inch specification.",Kraft Paper,5 Ply,24x18x12 inch,121.76,box,100,Sri Lakshmi Enterprises,Erode,In Stock,4.9
P0476,Industrial Polyester Yarn,Textiles,"Suitable for wholesale buyers, distributors, and regular business orders. Industrial Polyester Yarn in 40s specification.",Polyester,Spun,40s,303.19,piece,1000,Metro Industrial Supplies,Bengaluru,In Stock,3.8
P0477,Cotton Grey Fabric,Textiles,Quality-tested product with bulk supply capability. Cotton Grey Fabric in 44 inch specification.,Cotton,Greige,44 inch,213.51,kg,500,Prime Traders,Coimbatore,In Stock,4.6
P0478,Automotive Brake Pad,Automotive,"Suitable for wholesale buyers, distributors, and regular business orders. Automotive Brake Pad in Rear specification.",Semi Metallic,OEM Grade,Rear,7504.91,meter,250,Global Trade Hub,Mumbai,Limited Stock,3.8
P0479,Automotive Rubber Hose,Automotive,Quality-tested product with bulk supply capability. Automotive Rubber Hose in 3/4 inch specification.,EPDM Rubber,Heat Resistant,3/4 inch,9039.51,piece,10,Metro Industrial Supplies,Bengaluru,Limited Stock,4.9
P0480,GI Steel Sheet,Steel,Quality-tested product with bulk supply capability. GI Steel Sheet in 2 mm specification.,Galvanized steel,IS 277,2 mm,367.08,meter,10,Apex Components,Delhi,In Stock,4.5
P0481,Carbon Steel Pipe,Steel,"Suitable for wholesale buyers, distributors, and regular business orders. Carbon Steel Pipe in 4 inch specification.",Carbon steel,IS 2062,4 inch,117.28,box,250,Evergreen Manufacturing,Ahmedabad,In Stock,4.3
P0482,Cotton Grey Fabric,Textiles,Quality-tested product with bulk supply capability. Cotton Grey Fabric in 58 inch specification.,Cotton,Greige,58 inch,387.62,piece,100,Evergreen Manufacturing,Ahmedabad,In Stock,4.1
P0483,Stretch Film Roll,Packaging,Reliable supplier-grade material for manufacturing and industrial use. Stretch Film Roll in 30 micron specification.,LLDPE,Industrial,30 micron,115.43,kg,100,National Engineering Works,Hyderabad,In Stock,4.6
P0484,Industrial Polyester Yarn,Textiles,Industrial quality product suitable for bulk commercial procurement. Industrial Polyester Yarn in 30s specification.,Polyester,Spun,30s,233.76,piece,100,Metro Industrial Supplies,Bengaluru,In Stock,4.1
P0485,LED Panel Light,Electrical,Industrial quality product suitable for bulk commercial procurement. LED Panel Light in 36W specification.,Aluminium,Commercial,36W,717.32,kg,100,National Engineering Works,Hyderabad,In Stock,3.6
P0486,Titanium Dioxide,Chemicals,"Suitable for wholesale buyers, distributors, and regular business orders. Titanium Dioxide in 25 kg specification.",Titanium Dioxide,Rutile Grade,25 kg,385.07,box,50,Kaveri Industrial Solutions,Madurai,In Stock,4.0
P0487,Industrial Air Compressor,Machinery,Reliable supplier-grade material for manufacturing and industrial use. Industrial Air Compressor in 10 HP specification.,Cast Iron,Reciprocating,10 HP,578792.02,piece,1,Apex Components,Delhi,In Stock,4.0
P0488,Lead Acid Automotive Battery,Automotive,"Suitable for wholesale buyers, distributors, and regular business orders. Lead Acid Automotive Battery in 75 Ah specification.",Lead Acid,Maintenance Free,75 Ah,10692.14,meter,250,Kaveri Industrial Solutions,Madurai,Limited Stock,4.4
P0489,MCB Circuit Breaker,Electrical,Industrial quality product suitable for bulk commercial procurement. MCB Circuit Breaker in 32A specification.,Thermoplastic,B Curve,32A,1622.43,meter,1000,South India Materials,Salem,In Stock,3.7
P0490,Cotton Grey Fabric,Textiles,Quality-tested product with bulk supply capability. Cotton Grey Fabric in 58 inch specification.,Cotton,Greige,58 inch,347.26,box,250,Apex Components,Delhi,In Stock,4.8
P0491,PET Packaging Bottle,Packaging,Reliable supplier-grade material for manufacturing and industrial use. PET Packaging Bottle in 500 ml specification.,PET,Food Grade,500 ml,50.05,piece,100,Sri Lakshmi Enterprises,Erode,In Stock,4.9
P0492,PP Granules,Plastic,Industrial quality product suitable for bulk commercial procurement. PP Granules in 25 kg specification.,Polypropylene,Injection Grade,25 kg,93.69,kg,100,South India Materials,Salem,In Stock,4.7
P0493,Automotive Brake Pad,Automotive,Quality-tested product with bulk supply capability. Automotive Brake Pad in Front specification.,Semi Metallic,OEM Grade,Front,7474.51,kg,500,National Engineering Works,Hyderabad,In Stock,3.8
P0494,Titanium Dioxide,Chemicals,Industrial quality product suitable for bulk commercial procurement. Titanium Dioxide in 25 kg specification.,Titanium Dioxide,Rutile Grade,25 kg,287.03,piece,10,Sri Lakshmi Enterprises,Erode,In Stock,4.8
P0495,PET Packaging Bottle,Packaging,Reliable supplier-grade material for manufacturing and industrial use. PET Packaging Bottle in 500 ml specification.,PET,Food Grade,500 ml,234.04,kg,500,Techno Supply Co,Pune,In Stock,4.4
P0496,Industrial Bearing,Hardware,Quality-tested product with bulk supply capability. Industrial Bearing in 6205 specification.,Chrome Steel,6200 Series,6205,723.51,piece,50,Global Trade Hub,Mumbai,In Stock,4.0
P0497,Citric Acid Powder,Chemicals,"Suitable for wholesale buyers, distributors, and regular business orders. Citric Acid Powder in 50 kg specification.",Citric Acid,Food Grade,50 kg,50.04,piece,50,ABC Industries,Chennai,Limited Stock,4.3
P0498,Industrial Bearing,Hardware,Reliable supplier-grade material for manufacturing and industrial use. Industrial Bearing in 6205 specification.,Chrome Steel,6200 Series,6205,1149.27,box,1000,ABC Industries,Chennai,In Stock,4.3
P0499,Industrial Polyester Yarn,Textiles,Quality-tested product with bulk supply capability. Industrial Polyester Yarn in 40s specification.,Polyester,Spun,40s,427.91,piece,500,South India Materials,Salem,Limited Stock,3.8
P0500,LDPE Film Roll,Plastic,"Suitable for wholesale buyers, distributors, and regular business orders. LDPE Film Roll in 150 micron specification.",LDPE,Film Grade,150 micron,188.82,box,50,Metro Industrial Supplies,Bengaluru,Limited Stock,3.8
P0501,PP Granules,Plastic,Quality-tested product with bulk supply capability. PP Granules in 25 kg specification.,Polypropylene,Injection Grade,25 kg,95.38,meter,250,National Engineering Works,Hyderabad,In Stock,4.6
P0502,Stainless Steel Nut,Hardware,Reliable supplier-grade material for manufacturing and industrial use. Stainless Steel Nut in M10 specification.,Stainless Steel,304,M10,229.92,kg,50,ABC Industries,Chennai,In Stock,3.9
P0503,Industrial Electrical Switch,Electrical,Quality-tested product with bulk supply capability. Industrial Electrical Switch in 63A specification.,Polycarbonate,Heavy Duty,63A,674.09,piece,10,ABC Industries,Chennai,In Stock,4.0
P0504,Titanium Dioxide,Chemicals,Industrial quality product suitable for bulk commercial procurement. Titanium Dioxide in 500 kg specification.,Titanium Dioxide,Rutile Grade,500 kg,363.62,kg,50,Kaveri Industrial Solutions,Madurai,In Stock,3.6
P0505,Industrial Air Compressor,Machinery,Quality-tested product with bulk supply capability. Industrial Air Compressor in 15 HP specification.,Cast Iron,Reciprocating,15 HP,129422.15,piece,2,Kaveri Industrial Solutions,Madurai,In Stock,3.7
P0506,Industrial Polyester Yarn,Textiles,Quality-tested product with bulk supply capability. Industrial Polyester Yarn in 30s specification.,Polyester,Spun,30s,695.34,kg,25,Metro Industrial Supplies,Bengaluru,In Stock,4.3
P0507,Industrial Polyester Yarn,Textiles,Industrial quality product suitable for bulk commercial procurement. Industrial Polyester Yarn in 30s specification.,Polyester,Spun,30s,869.75,box,25,Apex Components,Delhi,In Stock,3.9
P0508,Citric Acid Powder,Chemicals,Reliable supplier-grade material for manufacturing and industrial use. Citric Acid Powder in 50 kg specification.,Citric Acid,Food Grade,50 kg,438.65,piece,10,ABC Industries,Chennai,Limited Stock,4.0
P0509,LED Panel Light,Electrical,Quality-tested product with bulk supply capability. LED Panel Light in 12W specification.,Aluminium,Commercial,12W,1998.16,kg,10,South India Materials,Salem,In Stock,4.1
P0510,PP Granules,Plastic,Industrial quality product suitable for bulk commercial procurement. PP Granules in 25 kg specification.,Polypropylene,Injection Grade,25 kg,91.02,box,1000,Kaveri Industrial Solutions,Madurai,In Stock,4.0
P0511,Copper Electrical Cable,Electrical,Quality-tested product with bulk supply capability. Copper Electrical Cable in 2.5 sq mm specification.,Copper,FR,2.5 sq mm,673.77,box,1000,Kaveri Industrial Solutions,Madurai,In Stock,3.5
P0512,Hydraulic Press Machine,Machinery,Quality-tested product with bulk supply capability. Hydraulic Press Machine in 100 Ton specification.,Steel,Hydraulic,100 Ton,169150.34,piece,1,Sri Lakshmi Enterprises,Erode,Limited Stock,4.3
P0513,Lead Acid Automotive Battery,Automotive,Quality-tested product with bulk supply capability. Lead Acid Automotive Battery in 35 Ah specification.,Lead Acid,Maintenance Free,35 Ah,2361.53,box,50,Evergreen Manufacturing,Ahmedabad,In Stock,4.8
P0514,Ceramic Wall Tile,Construction Materials,"Suitable for wholesale buyers, distributors, and regular business orders. Ceramic Wall Tile in 300x450 mm specification.",Ceramic,Glossy,300x450 mm,287.5,box,1000,Techno Supply Co,Pune,In Stock,4.2
P0515,Lead Acid Automotive Battery,Automotive,Reliable supplier-grade material for manufacturing and industrial use. Lead Acid Automotive Battery in 75 Ah specification.,Lead Acid,Maintenance Free,75 Ah,10612.75,box,1000,Sri Lakshmi Enterprises,Erode,In Stock,4.6
P0516,Lead Acid Automotive Battery,Automotive,"Suitable for wholesale buyers, distributors, and regular business orders. Lead Acid Automotive Battery in 35 Ah specification.",Lead Acid,Maintenance Free,35 Ah,8246.21,piece,250,Techno Supply Co,Pune,In Stock,4.1
P0517,Corrugated Shipping Box,Packaging,Reliable supplier-grade material for manufacturing and industrial use. Corrugated Shipping Box in 12x10x8 inch specification.,Kraft Paper,5 Ply,12x10x8 inch,166.43,piece,100,Techno Supply Co,Pune,In Stock,3.8
P0518,Stainless Steel Nut,Hardware,"Suitable for wholesale buyers, distributors, and regular business orders. Stainless Steel Nut in M6 specification.",Stainless Steel,304,M6,857.38,box,500,ABC Industries,Chennai,In Stock,4.0
P0519,Portland Cement,Construction Materials,Industrial quality product suitable for bulk commercial procurement. Portland Cement in 25 kg specification.,Cement,OPC 53 Grade,25 kg,1183.79,kg,100,Metro Industrial Supplies,Bengaluru,In Stock,4.3
P0520,Hydraulic Press Machine,Machinery,Industrial quality product suitable for bulk commercial procurement. Hydraulic Press Machine in 100 Ton specification.,Steel,Hydraulic,100 Ton,498594.71,piece,2,ABC Industries,Chennai,In Stock,4.8
P0521,PP Granules,Plastic,Quality-tested product with bulk supply capability. PP Granules in 1000 kg specification.,Polypropylene,Injection Grade,1000 kg,93.28,piece,250,Prime Traders,Coimbatore,In Stock,3.8
P0522,Polyester Fabric Roll,Textiles,"Suitable for wholesale buyers, distributors, and regular business orders. Polyester Fabric Roll in 2 m specification.",Polyester,Knitted,2 m,555.35,kg,1000,Universal B2B Supplies,Kolkata,Limited Stock,4.6
P0523,Industrial Air Compressor,Machinery,"Suitable for wholesale buyers, distributors, and regular business orders. Industrial Air Compressor in 5 HP specification.",Cast Iron,Reciprocating,5 HP,341230.14,piece,5,Sri Lakshmi Enterprises,Erode,In Stock,4.3
P0524,Construction Plywood,Construction Materials,"Suitable for wholesale buyers, distributors, and regular business orders. Construction Plywood in 12 mm specification.",Hardwood,MR Grade,12 mm,994.65,box,1000,Global Trade Hub,Mumbai,Limited Stock,4.6
P0525,Hydraulic Press Machine,Machinery,Quality-tested product with bulk supply capability. Hydraulic Press Machine in 100 Ton specification.,Steel,Hydraulic,100 Ton,348808.2,piece,1,Metro Industrial Supplies,Bengaluru,In Stock,4.0
P0526,Industrial Bearing,Hardware,Industrial quality product suitable for bulk commercial procurement. Industrial Bearing in 6206 specification.,Chrome Steel,6200 Series,6206,1090.02,box,1000,ABC Industries,Chennai,In Stock,5.0
P0527,Caustic Soda Flakes,Chemicals,"Suitable for wholesale buyers, distributors, and regular business orders. Caustic Soda Flakes in 50 kg specification.",Sodium Hydroxide,Industrial Grade,50 kg,146.67,box,10,Metro Industrial Supplies,Bengaluru,In Stock,3.6
P0528,Door Hinge,Hardware,Reliable supplier-grade material for manufacturing and industrial use. Door Hinge in 3 inch specification.,Stainless Steel,Heavy Duty,3 inch,398.95,kg,100,Sri Lakshmi Enterprises,Erode,In Stock,4.7
P0529,LDPE Film Roll,Plastic,Quality-tested product with bulk supply capability. LDPE Film Roll in 150 micron specification.,LDPE,Film Grade,150 micron,238.88,box,1000,Metro Industrial Supplies,Bengaluru,In Stock,4.2
P0530,Portland Cement,Construction Materials,Industrial quality product suitable for bulk commercial procurement. Portland Cement in 50 kg specification.,Cement,OPC 53 Grade,50 kg,1318.11,meter,10,ABC Industries,Chennai,In Stock,4.0
P0531,Industrial Water Pump,Machinery,Industrial quality product suitable for bulk commercial procurement. Industrial Water Pump in 2 HP specification.,Cast Iron,Centrifugal,2 HP,454915.23,piece,5,Metro Industrial Supplies,Bengaluru,Limited Stock,3.6
P0532,Automotive Brake Pad,Automotive,Reliable supplier-grade material for manufacturing and industrial use. Automotive Brake Pad in Rear specification.,Semi Metallic,OEM Grade,Rear,6844.22,box,250,Techno Supply Co,Pune,In Stock,3.6
P0533,Industrial Water Pump,Machinery,Quality-tested product with bulk supply capability. Industrial Water Pump in 10 HP specification.,Cast Iron,Centrifugal,10 HP,315219.37,piece,1,Evergreen Manufacturing,Ahmedabad,In Stock,4.7
P0534,MCB Circuit Breaker,Electrical,Quality-tested product with bulk supply capability. MCB Circuit Breaker in 32A specification.,Thermoplastic,B Curve,32A,1252.53,kg,250,Prime Traders,Coimbatore,In Stock,3.6
P0535,Lead Acid Automotive Battery,Automotive,Reliable supplier-grade material for manufacturing and industrial use. Lead Acid Automotive Battery in 75 Ah specification.,Lead Acid,Maintenance Free,75 Ah,9180.09,meter,250,Sri Lakshmi Enterprises,Erode,Limited Stock,4.1
P0536,Ceramic Wall Tile,Construction Materials,Industrial quality product suitable for bulk commercial procurement. Ceramic Wall Tile in 600x600 mm specification.,Ceramic,Glossy,600x600 mm,1794.77,piece,25,Evergreen Manufacturing,Ahmedabad,In Stock,4.7
P0537,Corrugated Shipping Box,Packaging,Reliable supplier-grade material for manufacturing and industrial use. Corrugated Shipping Box in 12x10x8 inch specification.,Kraft Paper,5 Ply,12x10x8 inch,106.33,box,250,Apex Components,Delhi,In Stock,4.0
P0538,GI Steel Sheet,Steel,Reliable supplier-grade material for manufacturing and industrial use. GI Steel Sheet in 1 mm specification.,Galvanized steel,IS 277,1 mm,308.0,meter,250,Global Trade Hub,Mumbai,Limited Stock,3.6
P0539,Polyester Fabric Roll,Textiles,Industrial quality product suitable for bulk commercial procurement. Polyester Fabric Roll in 2 m specification.,Polyester,Knitted,2 m,241.67,kg,10,Global Trade Hub,Mumbai,In Stock,4.9
P0540,LED Panel Light,Electrical,Quality-tested product with bulk supply capability. LED Panel Light in 12W specification.,Aluminium,Commercial,12W,1771.23,kg,50,Global Trade Hub,Mumbai,Limited Stock,3.5
P0541,Polyester Fabric Roll,Textiles,Quality-tested product with bulk supply capability. Polyester Fabric Roll in 1.5 m specification.,Polyester,Knitted,1.5 m,528.15,box,250,Techno Supply Co,Pune,In Stock,4.5
P0542,MS Steel Plate,Steel,"Suitable for wholesale buyers, distributors, and regular business orders. MS Steel Plate in 3 mm specification.",Mild steel,IS 2062,3 mm,143.02,box,25,National Engineering Works,Hyderabad,In Stock,4.2
P0543,Stainless Steel Pipe 304,Steel,Industrial quality product suitable for bulk commercial procurement. Stainless Steel Pipe 304 in 4 inch specification.,Stainless steel,304,4 inch,180.38,box,1000,Apex Components,Delhi,In Stock,3.9
P0544,CNC Turning Machine,Machinery,"Suitable for wholesale buyers, distributors, and regular business orders. CNC Turning Machine in 3 Axis specification.",Cast Iron,CNC,3 Axis,586551.87,piece,1,Techno Supply Co,Pune,Limited Stock,4.8
P0545,Automotive Brake Pad,Automotive,Industrial quality product suitable for bulk commercial procurement. Automotive Brake Pad in Front specification.,Semi Metallic,OEM Grade,Front,6082.71,meter,250,Metro Industrial Supplies,Bengaluru,In Stock,3.9
P0546,Automotive Rubber Hose,Automotive,"Suitable for wholesale buyers, distributors, and regular business orders. Automotive Rubber Hose in 3/4 inch specification.",EPDM Rubber,Heat Resistant,3/4 inch,4811.79,piece,10,Kaveri Industrial Solutions,Madurai,In Stock,4.0
P0547,Citric Acid Powder,Chemicals,Industrial quality product suitable for bulk commercial procurement. Citric Acid Powder in 50 kg specification.,Citric Acid,Food Grade,50 kg,331.61,meter,1000,ABC Industries,Chennai,In Stock,3.8
P0548,PET Packaging Bottle,Packaging,Reliable supplier-grade material for manufacturing and industrial use. PET Packaging Bottle in 1 L specification.,PET,Food Grade,1 L,26.51,box,1000,Sri Lakshmi Enterprises,Erode,Limited Stock,3.9
P0549,Industrial Electrical Switch,Electrical,Reliable supplier-grade material for manufacturing and industrial use. Industrial Electrical Switch in 32A specification.,Polycarbonate,Heavy Duty,32A,903.7,piece,25,Evergreen Manufacturing,Ahmedabad,In Stock,4.8
P0550,Citric Acid Powder,Chemicals,Industrial quality product suitable for bulk commercial procurement. Citric Acid Powder in 50 kg specification.,Citric Acid,Food Grade,50 kg,345.3,piece,50,Sri Lakshmi Enterprises,Erode,In Stock,3.8
P0551,Copper Electrical Cable,Electrical,"Suitable for wholesale buyers, distributors, and regular business orders. Copper Electrical Cable in 4 sq mm specification.",Copper,FR,4 sq mm,2407.65,box,100,South India Materials,Salem,In Stock,4.7
P0552,PP Granules,Plastic,Reliable supplier-grade material for manufacturing and industrial use. PP Granules in 25 kg specification.,Polypropylene,Injection Grade,25 kg,245.36,box,250,ABC Industries,Chennai,In Stock,3.8
P0553,GI Steel Sheet,Steel,Quality-tested product with bulk supply capability. GI Steel Sheet in 0.5 mm specification.,Galvanized steel,IS 277,0.5 mm,368.54,piece,250,Universal B2B Supplies,Kolkata,In Stock,3.8
P0554,Industrial Water Pump,Machinery,Industrial quality product suitable for bulk commercial procurement. Industrial Water Pump in 5 HP specification.,Cast Iron,Centrifugal,5 HP,119177.17,piece,1,Sri Lakshmi Enterprises,Erode,Limited Stock,4.6
P0555,GI Steel Sheet,Steel,Reliable supplier-grade material for manufacturing and industrial use. GI Steel Sheet in 2 mm specification.,Galvanized steel,IS 277,2 mm,354.68,piece,1000,Metro Industrial Supplies,Bengaluru,In Stock,3.8
P0556,Industrial Bearing,Hardware,Industrial quality product suitable for bulk commercial procurement. Industrial Bearing in 6205 specification.,Chrome Steel,6200 Series,6205,1331.61,box,500,Kaveri Industrial Solutions,Madurai,Limited Stock,4.6
P0557,Industrial Air Compressor,Machinery,Reliable supplier-grade material for manufacturing and industrial use. Industrial Air Compressor in 15 HP specification.,Cast Iron,Reciprocating,15 HP,284675.52,piece,1,Prime Traders,Coimbatore,Limited Stock,5.0
P0558,MS Steel Plate,Steel,"Suitable for wholesale buyers, distributors, and regular business orders. MS Steel Plate in 3 mm specification.",Mild steel,IS 2062,3 mm,187.74,meter,50,Metro Industrial Supplies,Bengaluru,Limited Stock,3.7
P0559,Caustic Soda Flakes,Chemicals,Industrial quality product suitable for bulk commercial procurement. Caustic Soda Flakes in 25 kg specification.,Sodium Hydroxide,Industrial Grade,25 kg,423.45,meter,10,Kaveri Industrial Solutions,Madurai,In Stock,4.7
P0560,Engine Oil Filter,Automotive,Quality-tested product with bulk supply capability. Engine Oil Filter in Medium specification.,Steel,OEM Grade,Medium,3983.01,kg,25,South India Materials,Salem,In Stock,4.8
P0561,PVC Resin,Plastic,Industrial quality product suitable for bulk commercial procurement. PVC Resin in 500 kg specification.,PVC,K67,500 kg,219.17,piece,500,Universal B2B Supplies,Kolkata,In Stock,3.7
P0562,Door Hinge,Hardware,Reliable supplier-grade material for manufacturing and industrial use. Door Hinge in 3 inch specification.,Stainless Steel,Heavy Duty,3 inch,1061.5,kg,1000,Techno Supply Co,Pune,Limited Stock,4.3
P0563,Carbon Steel Pipe,Steel,Reliable supplier-grade material for manufacturing and industrial use. Carbon Steel Pipe in 3 inch specification.,Carbon steel,IS 2062,3 inch,402.38,piece,25,Evergreen Manufacturing,Ahmedabad,In Stock,4.7
P0564,MS Steel Plate,Steel,Reliable supplier-grade material for manufacturing and industrial use. MS Steel Plate in 8 mm specification.,Mild steel,IS 2062,8 mm,350.16,meter,50,National Engineering Works,Hyderabad,In Stock,4.8
P0565,100% Cotton T-Shirt,Textiles,Industrial quality product suitable for bulk commercial procurement. 100% Cotton T-Shirt in L specification.,Cotton,Combed,L,477.74,meter,250,ABC Industries,Chennai,Limited Stock,3.9
P0566,Construction Plywood,Construction Materials,"Suitable for wholesale buyers, distributors, and regular business orders. Construction Plywood in 12 mm specification.",Hardwood,MR Grade,12 mm,800.96,kg,25,South India Materials,Salem,In Stock,3.6
P0567,Copper Electrical Cable,Electrical,"Suitable for wholesale buyers, distributors, and regular business orders. Copper Electrical Cable in 4 sq mm specification.",Copper,FR,4 sq mm,465.99,kg,500,ABC Industries,Chennai,In Stock,4.9
P0568,Stainless Steel Pipe 304,Steel,Reliable supplier-grade material for manufacturing and industrial use. Stainless Steel Pipe 304 in 4 inch specification.,Stainless steel,304,4 inch,139.69,box,250,Sri Lakshmi Enterprises,Erode,Limited Stock,4.6
P0569,Corrugated Shipping Box,Packaging,Quality-tested product with bulk supply capability. Corrugated Shipping Box in 12x10x8 inch specification.,Kraft Paper,5 Ply,12x10x8 inch,84.09,box,50,National Engineering Works,Hyderabad,In Stock,3.9
P0570,Copper Electrical Cable,Electrical,Reliable supplier-grade material for manufacturing and industrial use. Copper Electrical Cable in 4 sq mm specification.,Copper,FR,4 sq mm,1374.39,piece,500,Global Trade Hub,Mumbai,In Stock,3.7
P0571,Automotive Brake Pad,Automotive,"Suitable for wholesale buyers, distributors, and regular business orders. Automotive Brake Pad in Rear specification.",Semi Metallic,OEM Grade,Rear,8310.55,box,100,Universal B2B Supplies,Kolkata,In Stock,4.3
P0572,AAC Block,Construction Materials,Reliable supplier-grade material for manufacturing and industrial use. AAC Block in 600x200x100 mm specification.,Autoclaved Aerated Concrete,Grade 4,600x200x100 mm,1017.12,meter,100,Evergreen Manufacturing,Ahmedabad,In Stock,4.6
P0573,100% Cotton T-Shirt,Textiles,Reliable supplier-grade material for manufacturing and industrial use. 100% Cotton T-Shirt in S specification.,Cotton,Combed,S,482.61,kg,500,ABC Industries,Chennai,Limited Stock,4.1
P0574,Stretch Film Roll,Packaging,"Suitable for wholesale buyers, distributors, and regular business orders. Stretch Film Roll in 50 micron specification.",LLDPE,Industrial,50 micron,57.02,kg,100,Apex Components,Delhi,In Stock,4.7
P0575,Calcium Carbonate Powder,Chemicals,"Suitable for wholesale buyers, distributors, and regular business orders. Calcium Carbonate Powder in 1000 kg specification.",Calcium Carbonate,Industrial Grade,1000 kg,195.77,kg,10,Techno Supply Co,Pune,In Stock,4.1
P0576,Portland Cement,Construction Materials,Quality-tested product with bulk supply capability. Portland Cement in 25 kg specification.,Cement,OPC 53 Grade,25 kg,601.62,box,500,Metro Industrial Supplies,Bengaluru,Limited Stock,4.7
P0577,Industrial Electrical Switch,Electrical,Quality-tested product with bulk supply capability. Industrial Electrical Switch in 16A specification.,Polycarbonate,Heavy Duty,16A,1216.27,box,100,Apex Components,Delhi,In Stock,4.8
P0578,Calcium Carbonate Powder,Chemicals,"Suitable for wholesale buyers, distributors, and regular business orders. Calcium Carbonate Powder in 1000 kg specification.",Calcium Carbonate,Industrial Grade,1000 kg,58.42,box,1000,Techno Supply Co,Pune,In Stock,5.0
P0579,Caustic Soda Flakes,Chemicals,Quality-tested product with bulk supply capability. Caustic Soda Flakes in 50 kg specification.,Sodium Hydroxide,Industrial Grade,50 kg,331.93,piece,250,South India Materials,Salem,In Stock,4.4
P0580,Calcium Carbonate Powder,Chemicals,Reliable supplier-grade material for manufacturing and industrial use. Calcium Carbonate Powder in 1000 kg specification.,Calcium Carbonate,Industrial Grade,1000 kg,172.17,kg,100,ABC Industries,Chennai,In Stock,4.2
P0581,Citric Acid Powder,Chemicals,Reliable supplier-grade material for manufacturing and industrial use. Citric Acid Powder in 50 kg specification.,Citric Acid,Food Grade,50 kg,100.5,kg,1000,Sri Lakshmi Enterprises,Erode,In Stock,4.2
P0582,MS Steel Plate,Steel,"Suitable for wholesale buyers, distributors, and regular business orders. MS Steel Plate in 5 mm specification.",Mild steel,IS 2062,5 mm,205.84,meter,500,Metro Industrial Supplies,Bengaluru,In Stock,3.7
P0583,PP Granules,Plastic,Industrial quality product suitable for bulk commercial procurement. PP Granules in 25 kg specification.,Polypropylene,Injection Grade,25 kg,78.41,meter,500,Universal B2B Supplies,Kolkata,In Stock,4.0
P0584,Stainless Steel Pipe 304,Steel,"Suitable for wholesale buyers, distributors, and regular business orders. Stainless Steel Pipe 304 in 3 inch specification.",Stainless steel,304,3 inch,409.0,kg,250,Kaveri Industrial Solutions,Madurai,In Stock,4.4
P0585,Citric Acid Powder,Chemicals,"Suitable for wholesale buyers, distributors, and regular business orders. Citric Acid Powder in 50 kg specification.",Citric Acid,Food Grade,50 kg,136.65,box,250,Metro Industrial Supplies,Bengaluru,Limited Stock,4.5
P0586,Citric Acid Powder,Chemicals,"Suitable for wholesale buyers, distributors, and regular business orders. Citric Acid Powder in 25 kg specification.",Citric Acid,Food Grade,25 kg,101.51,kg,25,National Engineering Works,Hyderabad,In Stock,3.9
P0587,Citric Acid Powder,Chemicals,Quality-tested product with bulk supply capability. Citric Acid Powder in 25 kg specification.,Citric Acid,Food Grade,25 kg,190.12,box,250,Prime Traders,Coimbatore,In Stock,3.7
P0588,Hex Bolt,Hardware,Reliable supplier-grade material for manufacturing and industrial use. Hex Bolt in M6 specification.,Carbon Steel,Grade 8.8,M6,82.59,box,500,South India Materials,Salem,Limited Stock,4.4
P0589,Calcium Carbonate Powder,Chemicals,Quality-tested product with bulk supply capability. Calcium Carbonate Powder in 25 kg specification.,Calcium Carbonate,Industrial Grade,25 kg,391.28,kg,1000,Universal B2B Supplies,Kolkata,In Stock,3.6
P0590,Hex Bolt,Hardware,Quality-tested product with bulk supply capability. Hex Bolt in M12 specification.,Carbon Steel,Grade 8.8,M12,1027.35,kg,500,National Engineering Works,Hyderabad,In Stock,4.9
P0591,LED Panel Light,Electrical,"Suitable for wholesale buyers, distributors, and regular business orders. LED Panel Light in 24W specification.",Aluminium,Commercial,24W,556.38,box,1000,South India Materials,Salem,Limited Stock,4.2
P0592,LDPE Film Roll,Plastic,"Suitable for wholesale buyers, distributors, and regular business orders. LDPE Film Roll in 50 micron specification.",LDPE,Film Grade,50 micron,180.09,piece,50,Global Trade Hub,Mumbai,In Stock,4.3
P0593,Industrial Air Compressor,Machinery,Quality-tested product with bulk supply capability. Industrial Air Compressor in 10 HP specification.,Cast Iron,Reciprocating,10 HP,398434.56,piece,2,Techno Supply Co,Pune,Limited Stock,4.4
P0594,Polyester Fabric Roll,Textiles,"Suitable for wholesale buyers, distributors, and regular business orders. Polyester Fabric Roll in 2 m specification.",Polyester,Knitted,2 m,879.64,meter,10,Sri Lakshmi Enterprises,Erode,In Stock,4.7
P0595,Construction Plywood,Construction Materials,Industrial quality product suitable for bulk commercial procurement. Construction Plywood in 12 mm specification.,Hardwood,MR Grade,12 mm,1419.31,piece,25,Evergreen Manufacturing,Ahmedabad,Limited Stock,3.7
P0596,Construction Plywood,Construction Materials,"Suitable for wholesale buyers, distributors, and regular business orders. Construction Plywood in 12 mm specification.",Hardwood,MR Grade,12 mm,184.8,meter,25,Techno Supply Co,Pune,Limited Stock,3.6
P0597,LDPE Film Roll,Plastic,Reliable supplier-grade material for manufacturing and industrial use. LDPE Film Roll in 100 micron specification.,LDPE,Film Grade,100 micron,218.35,kg,10,Kaveri Industrial Solutions,Madurai,In Stock,4.8
P0598,Carbon Steel Pipe,Steel,Quality-tested product with bulk supply capability. Carbon Steel Pipe in 2 inch specification.,Carbon steel,IS 2062,2 inch,276.56,meter,250,Kaveri Industrial Solutions,Madurai,In Stock,3.8
P0599,Stretch Film Roll,Packaging,Industrial quality product suitable for bulk commercial procurement. Stretch Film Roll in 50 micron specification.,LLDPE,Industrial,50 micron,79.61,box,250,Apex Components,Delhi,In Stock,4.4
P0600,Lead Acid Automotive Battery,Automotive,"Suitable for wholesale buyers, distributors, and regular business orders. Lead Acid Automotive Battery in 35 Ah specification.",Lead Acid,Maintenance Free,35 Ah,889.57,kg,10,National Engineering Works,Hyderabad,In Stock,4.8
P0601,Carbon Steel Pipe,Steel,Quality-tested product with bulk supply capability. Carbon Steel Pipe in 4 inch specification.,Carbon steel,IS 2062,4 inch,298.36,box,500,Universal B2B Supplies,Kolkata,Limited Stock,4.1
P0602,Engine Oil Filter,Automotive,Quality-tested product with bulk supply capability. Engine Oil Filter in Large specification.,Steel,OEM Grade,Large,5777.23,piece,250,Sri Lakshmi Enterprises,Erode,In Stock,4.8
P0603,LED Panel Light,Electrical,Quality-tested product with bulk supply capability. LED Panel Light in 18W specification.,Aluminium,Commercial,18W,147.61,kg,25,Sri Lakshmi Enterprises,Erode,Limited Stock,5.0
P0604,Copper Electrical Cable,Electrical,Quality-tested product with bulk supply capability. Copper Electrical Cable in 2.5 sq mm specification.,Copper,FR,2.5 sq mm,2038.14,meter,1000,Apex Components,Delhi,In Stock,4.2
P0605,Industrial Water Pump,Machinery,Industrial quality product suitable for bulk commercial procurement. Industrial Water Pump in 5 HP specification.,Cast Iron,Centrifugal,5 HP,154801.03,piece,2,Global Trade Hub,Mumbai,Limited Stock,4.8
P0606,Cotton Grey Fabric,Textiles,Quality-tested product with bulk supply capability. Cotton Grey Fabric in 58 inch specification.,Cotton,Greige,58 inch,569.55,kg,10,Techno Supply Co,Pune,In Stock,3.7
P0607,Hex Bolt,Hardware,Industrial quality product suitable for bulk commercial procurement. Hex Bolt in M8 specification.,Carbon Steel,Grade 8.8,M8,1097.48,box,500,Universal B2B Supplies,Kolkata,In Stock,3.9
P0608,PVC Resin,Plastic,Quality-tested product with bulk supply capability. PVC Resin in 1000 kg specification.,PVC,K67,1000 kg,277.82,kg,100,ABC Industries,Chennai,Limited Stock,4.4
P0609,PET Packaging Bottle,Packaging,"Suitable for wholesale buyers, distributors, and regular business orders. PET Packaging Bottle in 500 ml specification.",PET,Food Grade,500 ml,75.86,piece,1000,National Engineering Works,Hyderabad,In Stock,3.6
P0610,Stainless Steel Nut,Hardware,Industrial quality product suitable for bulk commercial procurement. Stainless Steel Nut in M6 specification.,Stainless Steel,304,M6,1485.57,kg,1000,Apex Components,Delhi,In Stock,4.2
P0611,Copper Electrical Cable,Electrical,"Suitable for wholesale buyers, distributors, and regular business orders. Copper Electrical Cable in 4 sq mm specification.",Copper,FR,4 sq mm,435.44,box,50,National Engineering Works,Hyderabad,In Stock,4.6
P0612,Ceramic Wall Tile,Construction Materials,Reliable supplier-grade material for manufacturing and industrial use. Ceramic Wall Tile in 600x600 mm specification.,Ceramic,Glossy,600x600 mm,280.53,meter,50,Universal B2B Supplies,Kolkata,In Stock,4.7
P0613,Industrial Polyester Yarn,Textiles,Reliable supplier-grade material for manufacturing and industrial use. Industrial Polyester Yarn in 20s specification.,Polyester,Spun,20s,792.37,box,10,Techno Supply Co,Pune,In Stock,4.8
P0614,Industrial Water Pump,Machinery,Reliable supplier-grade material for manufacturing and industrial use. Industrial Water Pump in 2 HP specification.,Cast Iron,Centrifugal,2 HP,278106.38,piece,5,Apex Components,Delhi,In Stock,4.4
P0615,Corrugated Shipping Box,Packaging,Reliable supplier-grade material for manufacturing and industrial use. Corrugated Shipping Box in 24x18x12 inch specification.,Kraft Paper,5 Ply,24x18x12 inch,190.09,piece,50,National Engineering Works,Hyderabad,Limited Stock,4.1
P0616,Titanium Dioxide,Chemicals,"Suitable for wholesale buyers, distributors, and regular business orders. Titanium Dioxide in 25 kg specification.",Titanium Dioxide,Rutile Grade,25 kg,357.58,meter,100,South India Materials,Salem,In Stock,4.3
P0617,Industrial Air Compressor,Machinery,Industrial quality product suitable for bulk commercial procurement. Industrial Air Compressor in 10 HP specification.,Cast Iron,Reciprocating,10 HP,244652.35,piece,2,Kaveri Industrial Solutions,Madurai,In Stock,4.9
P0618,PET Packaging Bottle,Packaging,"Suitable for wholesale buyers, distributors, and regular business orders. PET Packaging Bottle in 1 L specification.",PET,Food Grade,1 L,215.3,box,250,Apex Components,Delhi,In Stock,3.9
P0619,Construction Plywood,Construction Materials,"Suitable for wholesale buyers, distributors, and regular business orders. Construction Plywood in 12 mm specification.",Hardwood,MR Grade,12 mm,1350.87,piece,250,Apex Components,Delhi,In Stock,4.0
P0620,Stainless Steel Pipe 304,Steel,Quality-tested product with bulk supply capability. Stainless Steel Pipe 304 in 1 inch specification.,Stainless steel,304,1 inch,232.16,kg,500,ABC Industries,Chennai,In Stock,3.8
P0621,Calcium Carbonate Powder,Chemicals,Reliable supplier-grade material for manufacturing and industrial use. Calcium Carbonate Powder in 25 kg specification.,Calcium Carbonate,Industrial Grade,25 kg,60.67,kg,10,ABC Industries,Chennai,In Stock,4.6
P0622,HDPE Granules,Plastic,Reliable supplier-grade material for manufacturing and industrial use. HDPE Granules in 1000 kg specification.,HDPE,Injection Grade,1000 kg,156.47,piece,10,Sri Lakshmi Enterprises,Erode,In Stock,3.9
P0623,LDPE Film Roll,Plastic,Reliable supplier-grade material for manufacturing and industrial use. LDPE Film Roll in 100 micron specification.,LDPE,Film Grade,100 micron,229.21,box,50,South India Materials,Salem,In Stock,3.9
P0624,MS Steel Plate,Steel,"Suitable for wholesale buyers, distributors, and regular business orders. MS Steel Plate in 10 mm specification.",Mild steel,IS 2062,10 mm,448.5,box,1000,Global Trade Hub,Mumbai,In Stock,4.2
P0625,Stainless Steel Nut,Hardware,Quality-tested product with bulk supply capability. Stainless Steel Nut in M12 specification.,Stainless Steel,304,M12,968.93,piece,100,Sri Lakshmi Enterprises,Erode,In Stock,4.4
P0626,LDPE Film Roll,Plastic,"Suitable for wholesale buyers, distributors, and regular business orders. LDPE Film Roll in 150 micron specification.",LDPE,Film Grade,150 micron,93.76,kg,10,National Engineering Works,Hyderabad,Limited Stock,3.5
P0627,Stainless Steel Nut,Hardware,"Suitable for wholesale buyers, distributors, and regular business orders. Stainless Steel Nut in M6 specification.",Stainless Steel,304,M6,997.58,box,100,ABC Industries,Chennai,Limited Stock,4.4
P0628,Lead Acid Automotive Battery,Automotive,Reliable supplier-grade material for manufacturing and industrial use. Lead Acid Automotive Battery in 55 Ah specification.,Lead Acid,Maintenance Free,55 Ah,4936.37,kg,250,South India Materials,Salem,In Stock,4.1
P0629,Hex Bolt,Hardware,Industrial quality product suitable for bulk commercial procurement. Hex Bolt in M10 specification.,Carbon Steel,Grade 8.8,M10,1023.39,box,50,Global Trade Hub,Mumbai,In Stock,4.3
P0630,Corrugated Shipping Box,Packaging,Industrial quality product suitable for bulk commercial procurement. Corrugated Shipping Box in 18x12x10 inch specification.,Kraft Paper,5 Ply,18x12x10 inch,163.71,piece,1000,National Engineering Works,Hyderabad,Limited Stock,4.5
P0631,Titanium Dioxide,Chemicals,Quality-tested product with bulk supply capability. Titanium Dioxide in 25 kg specification.,Titanium Dioxide,Rutile Grade,25 kg,359.98,meter,10,Apex Components,Delhi,In Stock,3.7
P0632,100% Cotton T-Shirt,Textiles,Quality-tested product with bulk supply capability. 100% Cotton T-Shirt in M specification.,Cotton,Combed,M,423.24,box,100,Kaveri Industrial Solutions,Madurai,In Stock,3.6
P0633,GI Steel Sheet,Steel,Reliable supplier-grade material for manufacturing and industrial use. GI Steel Sheet in 0.5 mm specification.,Galvanized steel,IS 277,0.5 mm,123.73,meter,500,South India Materials,Salem,In Stock,4.9
P0634,Carbon Steel Pipe,Steel,Reliable supplier-grade material for manufacturing and industrial use. Carbon Steel Pipe in 4 inch specification.,Carbon steel,IS 2062,4 inch,87.05,kg,25,Apex Components,Delhi,In Stock,3.8
P0635,GI Steel Sheet,Steel,Industrial quality product suitable for bulk commercial procurement. GI Steel Sheet in 0.5 mm specification.,Galvanized steel,IS 277,0.5 mm,306.15,kg,1000,Kaveri Industrial Solutions,Madurai,In Stock,4.2
P0636,Ceramic Wall Tile,Construction Materials,Industrial quality product suitable for bulk commercial procurement. Ceramic Wall Tile in 300x450 mm specification.,Ceramic,Glossy,300x450 mm,772.92,meter,50,Metro Industrial Supplies,Bengaluru,In Stock,4.0
P0637,100% Cotton T-Shirt,Textiles,Quality-tested product with bulk supply capability. 100% Cotton T-Shirt in M specification.,Cotton,Combed,M,169.31,box,25,Global Trade Hub,Mumbai,In Stock,4.5
P0638,Engine Oil Filter,Automotive,Industrial quality product suitable for bulk commercial procurement. Engine Oil Filter in Medium specification.,Steel,OEM Grade,Medium,11119.26,kg,25,Metro Industrial Supplies,Bengaluru,Limited Stock,4.7
P0639,MS Steel Plate,Steel,"Suitable for wholesale buyers, distributors, and regular business orders. MS Steel Plate in 3 mm specification.",Mild steel,IS 2062,3 mm,82.67,kg,500,ABC Industries,Chennai,Limited Stock,4.5
P0640,Stainless Steel Nut,Hardware,Quality-tested product with bulk supply capability. Stainless Steel Nut in M8 specification.,Stainless Steel,304,M8,960.46,kg,500,Sri Lakshmi Enterprises,Erode,In Stock,4.9
P0641,Portland Cement,Construction Materials,"Suitable for wholesale buyers, distributors, and regular business orders. Portland Cement in 25 kg specification.",Cement,OPC 53 Grade,25 kg,904.8,kg,500,Universal B2B Supplies,Kolkata,In Stock,4.1
P0642,Engine Oil Filter,Automotive,"Suitable for wholesale buyers, distributors, and regular business orders. Engine Oil Filter in Small specification.",Steel,OEM Grade,Small,11841.25,kg,250,Prime Traders,Coimbatore,In Stock,4.2
P0643,Cotton Grey Fabric,Textiles,Quality-tested product with bulk supply capability. Cotton Grey Fabric in 44 inch specification.,Cotton,Greige,44 inch,207.89,piece,500,Metro Industrial Supplies,Bengaluru,Limited Stock,3.8
P0644,Stainless Steel Pipe 304,Steel,Quality-tested product with bulk supply capability. Stainless Steel Pipe 304 in 3 inch specification.,Stainless steel,304,3 inch,157.55,box,50,National Engineering Works,Hyderabad,In Stock,3.7
P0645,Carbon Steel Pipe,Steel,Reliable supplier-grade material for manufacturing and industrial use. Carbon Steel Pipe in 2 inch specification.,Carbon steel,IS 2062,2 inch,259.47,kg,10,ABC Industries,Chennai,Limited Stock,4.4
P0646,PET Packaging Bottle,Packaging,Industrial quality product suitable for bulk commercial procurement. PET Packaging Bottle in 250 ml specification.,PET,Food Grade,250 ml,170.83,box,100,Universal B2B Supplies,Kolkata,In Stock,3.8
P0647,Industrial Polyester Yarn,Textiles,Quality-tested product with bulk supply capability. Industrial Polyester Yarn in 20s specification.,Polyester,Spun,20s,815.26,kg,100,South India Materials,Salem,In Stock,4.8
P0648,MCB Circuit Breaker,Electrical,Reliable supplier-grade material for manufacturing and industrial use. MCB Circuit Breaker in 63A specification.,Thermoplastic,B Curve,63A,1041.85,piece,100,Sri Lakshmi Enterprises,Erode,In Stock,5.0
P0649,Cotton Grey Fabric,Textiles,Reliable supplier-grade material for manufacturing and industrial use. Cotton Grey Fabric in 44 inch specification.,Cotton,Greige,44 inch,659.92,kg,50,ABC Industries,Chennai,In Stock,4.8
P0650,Industrial Bearing,Hardware,Reliable supplier-grade material for manufacturing and industrial use. Industrial Bearing in 6204 specification.,Chrome Steel,6200 Series,6204,331.34,box,1000,Global Trade Hub,Mumbai,In Stock,4.4
P0651,Engine Oil Filter,Automotive,Reliable supplier-grade material for manufacturing and industrial use. Engine Oil Filter in Small specification.,Steel,OEM Grade,Small,10305.14,meter,1000,South India Materials,Salem,Limited Stock,4.8
P0652,Caustic Soda Flakes,Chemicals,Quality-tested product with bulk supply capability. Caustic Soda Flakes in 50 kg specification.,Sodium Hydroxide,Industrial Grade,50 kg,442.67,piece,50,Universal B2B Supplies,Kolkata,In Stock,4.8
P0653,Ceramic Wall Tile,Construction Materials,Quality-tested product with bulk supply capability. Ceramic Wall Tile in 600x600 mm specification.,Ceramic,Glossy,600x600 mm,757.81,kg,10,ABC Industries,Chennai,In Stock,4.1
P0654,Industrial Water Pump,Machinery,Industrial quality product suitable for bulk commercial procurement. Industrial Water Pump in 10 HP specification.,Cast Iron,Centrifugal,10 HP,285153.79,piece,1,Prime Traders,Coimbatore,In Stock,4.5
P0655,CNC Turning Machine,Machinery,Industrial quality product suitable for bulk commercial procurement. CNC Turning Machine in 2 Axis specification.,Cast Iron,CNC,2 Axis,195079.5,piece,5,Global Trade Hub,Mumbai,In Stock,4.2
P0656,Citric Acid Powder,Chemicals,Quality-tested product with bulk supply capability. Citric Acid Powder in 50 kg specification.,Citric Acid,Food Grade,50 kg,386.28,kg,100,Evergreen Manufacturing,Ahmedabad,In Stock,4.8
P0657,CNC Turning Machine,Machinery,Industrial quality product suitable for bulk commercial procurement. CNC Turning Machine in 3 Axis specification.,Cast Iron,CNC,3 Axis,291970.08,piece,5,Apex Components,Delhi,In Stock,4.1
P0658,Corrugated Shipping Box,Packaging,Reliable supplier-grade material for manufacturing and industrial use. Corrugated Shipping Box in 18x12x10 inch specification.,Kraft Paper,5 Ply,18x12x10 inch,189.46,kg,1000,South India Materials,Salem,In Stock,4.4
P0659,Corrugated Shipping Box,Packaging,Quality-tested product with bulk supply capability. Corrugated Shipping Box in 24x18x12 inch specification.,Kraft Paper,5 Ply,24x18x12 inch,94.18,piece,50,Apex Components,Delhi,In Stock,4.2
P0660,GI Steel Sheet,Steel,Reliable supplier-grade material for manufacturing and industrial use. GI Steel Sheet in 1.5 mm specification.,Galvanized steel,IS 277,1.5 mm,319.82,kg,250,Sri Lakshmi Enterprises,Erode,In Stock,5.0
P0661,100% Cotton T-Shirt,Textiles,Reliable supplier-grade material for manufacturing and industrial use. 100% Cotton T-Shirt in XL specification.,Cotton,Combed,XL,852.54,piece,1000,Universal B2B Supplies,Kolkata,In Stock,4.0
P0662,Titanium Dioxide,Chemicals,Quality-tested product with bulk supply capability. Titanium Dioxide in 500 kg specification.,Titanium Dioxide,Rutile Grade,500 kg,78.52,box,100,ABC Industries,Chennai,In Stock,4.2
P0663,Automotive Rubber Hose,Automotive,Quality-tested product with bulk supply capability. Automotive Rubber Hose in 3/4 inch specification.,EPDM Rubber,Heat Resistant,3/4 inch,4512.53,kg,25,Evergreen Manufacturing,Ahmedabad,In Stock,3.6
P0664,LED Panel Light,Electrical,Reliable supplier-grade material for manufacturing and industrial use. LED Panel Light in 12W specification.,Aluminium,Commercial,12W,512.14,kg,500,Prime Traders,Coimbatore,Limited Stock,3.7
P0665,100% Cotton T-Shirt,Textiles,"Suitable for wholesale buyers, distributors, and regular business orders. 100% Cotton T-Shirt in L specification.",Cotton,Combed,L,876.27,piece,100,South India Materials,Salem,Limited Stock,4.2
P0666,GI Steel Sheet,Steel,"Suitable for wholesale buyers, distributors, and regular business orders. GI Steel Sheet in 1 mm specification.",Galvanized steel,IS 277,1 mm,88.15,piece,1000,Prime Traders,Coimbatore,Limited Stock,4.4
P0667,PET Packaging Bottle,Packaging,Quality-tested product with bulk supply capability. PET Packaging Bottle in 1 L specification.,PET,Food Grade,1 L,175.73,kg,500,Apex Components,Delhi,In Stock,4.4
P0668,Citric Acid Powder,Chemicals,Industrial quality product suitable for bulk commercial procurement. Citric Acid Powder in 50 kg specification.,Citric Acid,Food Grade,50 kg,267.91,box,1000,Metro Industrial Supplies,Bengaluru,In Stock,4.0
P0669,Stainless Steel Nut,Hardware,Reliable supplier-grade material for manufacturing and industrial use. Stainless Steel Nut in M8 specification.,Stainless Steel,304,M8,803.9,piece,100,Universal B2B Supplies,Kolkata,In Stock,3.9
P0670,GI Steel Sheet,Steel,Industrial quality product suitable for bulk commercial procurement. GI Steel Sheet in 1 mm specification.,Galvanized steel,IS 277,1 mm,176.35,piece,25,Kaveri Industrial Solutions,Madurai,In Stock,5.0
P0671,LED Panel Light,Electrical,Industrial quality product suitable for bulk commercial procurement. LED Panel Light in 36W specification.,Aluminium,Commercial,36W,2441.61,box,10,Techno Supply Co,Pune,Limited Stock,4.9
P0672,Industrial Electrical Switch,Electrical,"Suitable for wholesale buyers, distributors, and regular business orders. Industrial Electrical Switch in 32A specification.",Polycarbonate,Heavy Duty,32A,130.22,box,500,Sri Lakshmi Enterprises,Erode,Limited Stock,4.8
P0673,Ceramic Wall Tile,Construction Materials,Industrial quality product suitable for bulk commercial procurement. Ceramic Wall Tile in 600x600 mm specification.,Ceramic,Glossy,600x600 mm,1633.32,meter,50,Universal B2B Supplies,Kolkata,Limited Stock,4.9
P0674,Copper Electrical Cable,Electrical,"Suitable for wholesale buyers, distributors, and regular business orders. Copper Electrical Cable in 4 sq mm specification.",Copper,FR,4 sq mm,1075.88,piece,100,ABC Industries,Chennai,In Stock,4.0
P0675,Ceramic Wall Tile,Construction Materials,Industrial quality product suitable for bulk commercial procurement. Ceramic Wall Tile in 600x600 mm specification.,Ceramic,Glossy,600x600 mm,407.64,box,25,Techno Supply Co,Pune,In Stock,4.3
P0676,Hex Bolt,Hardware,Industrial quality product suitable for bulk commercial procurement. Hex Bolt in M12 specification.,Carbon Steel,Grade 8.8,M12,736.72,kg,1000,Metro Industrial Supplies,Bengaluru,In Stock,4.1
P0677,Hydraulic Press Machine,Machinery,"Suitable for wholesale buyers, distributors, and regular business orders. Hydraulic Press Machine in 50 Ton specification.",Steel,Hydraulic,50 Ton,32009.7,piece,2,Global Trade Hub,Mumbai,In Stock,5.0
P0678,Automotive Brake Pad,Automotive,Quality-tested product with bulk supply capability. Automotive Brake Pad in Front specification.,Semi Metallic,OEM Grade,Front,10670.49,meter,1000,Universal B2B Supplies,Kolkata,In Stock,3.7
P0679,Industrial Water Pump,Machinery,Reliable supplier-grade material for manufacturing and industrial use. Industrial Water Pump in 2 HP specification.,Cast Iron,Centrifugal,2 HP,368813.03,piece,1,Evergreen Manufacturing,Ahmedabad,In Stock,4.2
P0680,Automotive Rubber Hose,Automotive,Quality-tested product with bulk supply capability. Automotive Rubber Hose in 1/2 inch specification.,EPDM Rubber,Heat Resistant,1/2 inch,9109.95,kg,10,Evergreen Manufacturing,Ahmedabad,In Stock,4.1
P0681,Lead Acid Automotive Battery,Automotive,Reliable supplier-grade material for manufacturing and industrial use. Lead Acid Automotive Battery in 75 Ah specification.,Lead Acid,Maintenance Free,75 Ah,9099.64,piece,25,Evergreen Manufacturing,Ahmedabad,Limited Stock,3.9
P0682,Hex Bolt,Hardware,Reliable supplier-grade material for manufacturing and industrial use. Hex Bolt in M10 specification.,Carbon Steel,Grade 8.8,M10,457.26,kg,500,Evergreen Manufacturing,Ahmedabad,In Stock,4.7
P0683,LED Panel Light,Electrical,"Suitable for wholesale buyers, distributors, and regular business orders. LED Panel Light in 24W specification.",Aluminium,Commercial,24W,2105.5,meter,10,Apex Components,Delhi,Limited Stock,3.8
P0684,100% Cotton T-Shirt,Textiles,"Suitable for wholesale buyers, distributors, and regular business orders. 100% Cotton T-Shirt in S specification.",Cotton,Combed,S,504.58,kg,250,National Engineering Works,Hyderabad,Limited Stock,4.3
P0685,Titanium Dioxide,Chemicals,"Suitable for wholesale buyers, distributors, and regular business orders. Titanium Dioxide in 25 kg specification.",Titanium Dioxide,Rutile Grade,25 kg,280.64,kg,1000,Global Trade Hub,Mumbai,In Stock,4.4
P0686,LED Panel Light,Electrical,"Suitable for wholesale buyers, distributors, and regular business orders. LED Panel Light in 36W specification.",Aluminium,Commercial,36W,442.48,piece,10,Universal B2B Supplies,Kolkata,In Stock,4.1
P0687,Corrugated Shipping Box,Packaging,Reliable supplier-grade material for manufacturing and industrial use. Corrugated Shipping Box in 18x12x10 inch specification.,Kraft Paper,5 Ply,18x12x10 inch,134.76,piece,1000,National Engineering Works,Hyderabad,In Stock,4.6
P0688,Ceramic Wall Tile,Construction Materials,"Suitable for wholesale buyers, distributors, and regular business orders. Ceramic Wall Tile in 600x600 mm specification.",Ceramic,Glossy,600x600 mm,1571.67,box,50,Global Trade Hub,Mumbai,In Stock,4.3
P0689,PP Woven Sack,Packaging,Quality-tested product with bulk supply capability. PP Woven Sack in 25 kg specification.,Polypropylene,Laminated,25 kg,131.95,box,500,Sri Lakshmi Enterprises,Erode,In Stock,4.9
P0690,Copper Electrical Cable,Electrical,Industrial quality product suitable for bulk commercial procurement. Copper Electrical Cable in 2.5 sq mm specification.,Copper,FR,2.5 sq mm,1318.05,piece,1000,Sri Lakshmi Enterprises,Erode,Limited Stock,4.2
P0691,HDPE Granules,Plastic,"Suitable for wholesale buyers, distributors, and regular business orders. HDPE Granules in 25 kg specification.",HDPE,Injection Grade,25 kg,180.29,box,500,ABC Industries,Chennai,In Stock,4.7
P0692,AAC Block,Construction Materials,Reliable supplier-grade material for manufacturing and industrial use. AAC Block in 600x200x100 mm specification.,Autoclaved Aerated Concrete,Grade 4,600x200x100 mm,555.38,kg,25,Universal B2B Supplies,Kolkata,In Stock,4.5
P0693,Citric Acid Powder,Chemicals,Industrial quality product suitable for bulk commercial procurement. Citric Acid Powder in 25 kg specification.,Citric Acid,Food Grade,25 kg,491.5,meter,500,Sri Lakshmi Enterprises,Erode,In Stock,3.5
P0694,Industrial Bearing,Hardware,Industrial quality product suitable for bulk commercial procurement. Industrial Bearing in 6202 specification.,Chrome Steel,6200 Series,6202,163.51,kg,1000,Metro Industrial Supplies,Bengaluru,Limited Stock,3.7
P0695,Caustic Soda Flakes,Chemicals,Industrial quality product suitable for bulk commercial procurement. Caustic Soda Flakes in 25 kg specification.,Sodium Hydroxide,Industrial Grade,25 kg,350.41,kg,1000,National Engineering Works,Hyderabad,In Stock,4.4
P0696,Polyester Fabric Roll,Textiles,"Suitable for wholesale buyers, distributors, and regular business orders. Polyester Fabric Roll in 2 m specification.",Polyester,Knitted,2 m,142.82,piece,1000,Global Trade Hub,Mumbai,In Stock,4.0
P0697,Engine Oil Filter,Automotive,Reliable supplier-grade material for manufacturing and industrial use. Engine Oil Filter in Large specification.,Steel,OEM Grade,Large,959.79,kg,250,Evergreen Manufacturing,Ahmedabad,In Stock,4.9
P0698,Copper Electrical Cable,Electrical,Reliable supplier-grade material for manufacturing and industrial use. Copper Electrical Cable in 1.5 sq mm specification.,Copper,FR,1.5 sq mm,2310.74,meter,50,Metro Industrial Supplies,Bengaluru,Limited Stock,4.5
P0699,PP Granules,Plastic,Industrial quality product suitable for bulk commercial procurement. PP Granules in 500 kg specification.,Polypropylene,Injection Grade,500 kg,167.54,piece,100,South India Materials,Salem,In Stock,3.7
P0700,PP Granules,Plastic,"Suitable for wholesale buyers, distributors, and regular business orders. PP Granules in 500 kg specification.",Polypropylene,Injection Grade,500 kg,232.09,kg,10,Global Trade Hub,Mumbai,Limited Stock,3.7
P0701,Titanium Dioxide,Chemicals,Quality-tested product with bulk supply capability. Titanium Dioxide in 500 kg specification.,Titanium Dioxide,Rutile Grade,500 kg,489.28,meter,25,Apex Components,Delhi,In Stock,5.0
P0702,CNC Turning Machine,Machinery,Reliable supplier-grade material for manufacturing and industrial use. CNC Turning Machine in 2 Axis specification.,Cast Iron,CNC,2 Axis,564972.15,piece,2,Kaveri Industrial Solutions,Madurai,In Stock,5.0
P0703,Hex Bolt,Hardware,Industrial quality product suitable for bulk commercial procurement. Hex Bolt in M12 specification.,Carbon Steel,Grade 8.8,M12,784.95,kg,50,Kaveri Industrial Solutions,Madurai,In Stock,4.1
P0704,Portland Cement,Construction Materials,Reliable supplier-grade material for manufacturing and industrial use. Portland Cement in 25 kg specification.,Cement,OPC 53 Grade,25 kg,661.04,piece,50,Prime Traders,Coimbatore,Limited Stock,3.7
P0705,Industrial Water Pump,Machinery,"Suitable for wholesale buyers, distributors, and regular business orders. Industrial Water Pump in 5 HP specification.",Cast Iron,Centrifugal,5 HP,465433.99,piece,5,Universal B2B Supplies,Kolkata,Limited Stock,4.0
P0706,Construction Plywood,Construction Materials,Industrial quality product suitable for bulk commercial procurement. Construction Plywood in 12 mm specification.,Hardwood,MR Grade,12 mm,509.21,meter,10,Techno Supply Co,Pune,In Stock,4.2
P0707,Polyester Fabric Roll,Textiles,Industrial quality product suitable for bulk commercial procurement. Polyester Fabric Roll in 1.5 m specification.,Polyester,Knitted,1.5 m,695.48,kg,100,Prime Traders,Coimbatore,In Stock,4.1
P0708,PP Woven Sack,Packaging,Quality-tested product with bulk supply capability. PP Woven Sack in 50 kg specification.,Polypropylene,Laminated,50 kg,157.69,piece,1000,Evergreen Manufacturing,Ahmedabad,Limited Stock,3.8
P0709,Industrial Bearing,Hardware,Industrial quality product suitable for bulk commercial procurement. Industrial Bearing in 6205 specification.,Chrome Steel,6200 Series,6205,516.74,kg,1000,Techno Supply Co,Pune,In Stock,5.0
P0710,LDPE Film Roll,Plastic,Industrial quality product suitable for bulk commercial procurement. LDPE Film Roll in 100 micron specification.,LDPE,Film Grade,100 micron,266.16,meter,100,Global Trade Hub,Mumbai,In Stock,3.8
P0711,Citric Acid Powder,Chemicals,Industrial quality product suitable for bulk commercial procurement. Citric Acid Powder in 50 kg specification.,Citric Acid,Food Grade,50 kg,110.52,meter,100,South India Materials,Salem,Limited Stock,4.5
P0712,Lead Acid Automotive Battery,Automotive,"Suitable for wholesale buyers, distributors, and regular business orders. Lead Acid Automotive Battery in 55 Ah specification.",Lead Acid,Maintenance Free,55 Ah,10274.06,kg,100,Techno Supply Co,Pune,Limited Stock,4.4
P0713,Hydraulic Press Machine,Machinery,Industrial quality product suitable for bulk commercial procurement. Hydraulic Press Machine in 50 Ton specification.,Steel,Hydraulic,50 Ton,60318.78,piece,5,Global Trade Hub,Mumbai,In Stock,4.8
P0714,Corrugated Shipping Box,Packaging,"Suitable for wholesale buyers, distributors, and regular business orders. Corrugated Shipping Box in 24x18x12 inch specification.",Kraft Paper,5 Ply,24x18x12 inch,98.24,box,250,Global Trade Hub,Mumbai,Limited Stock,4.0
P0715,Polyester Fabric Roll,Textiles,Industrial quality product suitable for bulk commercial procurement. Polyester Fabric Roll in 1.5 m specification.,Polyester,Knitted,1.5 m,363.44,kg,500,Apex Components,Delhi,In Stock,3.7
P0716,Copper Electrical Cable,Electrical,Quality-tested product with bulk supply capability. Copper Electrical Cable in 4 sq mm specification.,Copper,FR,4 sq mm,1216.96,meter,250,ABC Industries,Chennai,In Stock,3.5
P0717,Hex Bolt,Hardware,Industrial quality product suitable for bulk commercial procurement. Hex Bolt in M10 specification.,Carbon Steel,Grade 8.8,M10,856.39,box,1000,South India Materials,Salem,Limited Stock,3.7
P0718,Cotton Grey Fabric,Textiles,"Suitable for wholesale buyers, distributors, and regular business orders. Cotton Grey Fabric in 58 inch specification.",Cotton,Greige,58 inch,752.94,box,25,Techno Supply Co,Pune,In Stock,5.0
P0719,Industrial Polyester Yarn,Textiles,"Suitable for wholesale buyers, distributors, and regular business orders. Industrial Polyester Yarn in 40s specification.",Polyester,Spun,40s,775.5,piece,50,Prime Traders,Coimbatore,In Stock,3.9
P0720,Construction Plywood,Construction Materials,Industrial quality product suitable for bulk commercial procurement. Construction Plywood in 6 mm specification.,Hardwood,MR Grade,6 mm,1339.77,kg,500,Evergreen Manufacturing,Ahmedabad,In Stock,3.9
P0721,Construction Plywood,Construction Materials,"Suitable for wholesale buyers, distributors, and regular business orders. Construction Plywood in 12 mm specification.",Hardwood,MR Grade,12 mm,631.7,kg,500,Metro Industrial Supplies,Bengaluru,In Stock,4.1
P0722,Automotive Rubber Hose,Automotive,Reliable supplier-grade material for manufacturing and industrial use. Automotive Rubber Hose in 1/2 inch specification.,EPDM Rubber,Heat Resistant,1/2 inch,4917.27,meter,500,South India Materials,Salem,In Stock,4.4
P0723,Engine Oil Filter,Automotive,Quality-tested product with bulk supply capability. Engine Oil Filter in Large specification.,Steel,OEM Grade,Large,2673.49,meter,50,Kaveri Industrial Solutions,Madurai,In Stock,4.3
P0724,PET Packaging Bottle,Packaging,Quality-tested product with bulk supply capability. PET Packaging Bottle in 250 ml specification.,PET,Food Grade,250 ml,41.87,kg,250,Metro Industrial Supplies,Bengaluru,Limited Stock,4.0
P0725,PP Granules,Plastic,Reliable supplier-grade material for manufacturing and industrial use. PP Granules in 500 kg specification.,Polypropylene,Injection Grade,500 kg,259.45,piece,50,National Engineering Works,Hyderabad,Limited Stock,3.9
P0726,MCB Circuit Breaker,Electrical,Quality-tested product with bulk supply capability. MCB Circuit Breaker in 6A specification.,Thermoplastic,B Curve,6A,2016.97,box,100,Metro Industrial Supplies,Bengaluru,Limited Stock,4.1
P0727,Carbon Steel Pipe,Steel,"Suitable for wholesale buyers, distributors, and regular business orders. Carbon Steel Pipe in 2 inch specification.",Carbon steel,IS 2062,2 inch,130.48,box,1000,National Engineering Works,Hyderabad,In Stock,4.5
P0728,MS Steel Plate,Steel,"Suitable for wholesale buyers, distributors, and regular business orders. MS Steel Plate in 3 mm specification.",Mild steel,IS 2062,3 mm,398.05,kg,50,ABC Industries,Chennai,In Stock,4.9
P0729,Hydraulic Press Machine,Machinery,Reliable supplier-grade material for manufacturing and industrial use. Hydraulic Press Machine in 100 Ton specification.,Steel,Hydraulic,100 Ton,534288.63,piece,2,Apex Components,Delhi,In Stock,3.7
P0730,Automotive Brake Pad,Automotive,Industrial quality product suitable for bulk commercial procurement. Automotive Brake Pad in Rear specification.,Semi Metallic,OEM Grade,Rear,10632.09,piece,250,Kaveri Industrial Solutions,Madurai,In Stock,4.0
P0731,Construction Plywood,Construction Materials,Reliable supplier-grade material for manufacturing and industrial use. Construction Plywood in 18 mm specification.,Hardwood,MR Grade,18 mm,432.33,meter,25,Universal B2B Supplies,Kolkata,In Stock,3.8
P0732,Titanium Dioxide,Chemicals,"Suitable for wholesale buyers, distributors, and regular business orders. Titanium Dioxide in 500 kg specification.",Titanium Dioxide,Rutile Grade,500 kg,438.3,kg,100,National Engineering Works,Hyderabad,In Stock,4.0
P0733,Industrial Water Pump,Machinery,"Suitable for wholesale buyers, distributors, and regular business orders. Industrial Water Pump in 10 HP specification.",Cast Iron,Centrifugal,10 HP,578906.32,piece,1,Metro Industrial Supplies,Bengaluru,Limited Stock,4.6
P0734,Caustic Soda Flakes,Chemicals,Reliable supplier-grade material for manufacturing and industrial use. Caustic Soda Flakes in 25 kg specification.,Sodium Hydroxide,Industrial Grade,25 kg,348.0,kg,500,Universal B2B Supplies,Kolkata,In Stock,4.3
P0735,Calcium Carbonate Powder,Chemicals,Quality-tested product with bulk supply capability. Calcium Carbonate Powder in 1000 kg specification.,Calcium Carbonate,Industrial Grade,1000 kg,290.71,piece,1000,Prime Traders,Coimbatore,Limited Stock,3.5
P0736,Hydraulic Press Machine,Machinery,"Suitable for wholesale buyers, distributors, and regular business orders. Hydraulic Press Machine in 50 Ton specification.",Steel,Hydraulic,50 Ton,563385.38,piece,1,Prime Traders,Coimbatore,In Stock,4.8
P0737,Industrial Electrical Switch,Electrical,Industrial quality product suitable for bulk commercial procurement. Industrial Electrical Switch in 63A specification.,Polycarbonate,Heavy Duty,63A,2213.13,meter,1000,Global Trade Hub,Mumbai,In Stock,4.8
P0738,Industrial Bearing,Hardware,"Suitable for wholesale buyers, distributors, and regular business orders. Industrial Bearing in 6206 specification.",Chrome Steel,6200 Series,6206,1076.64,piece,100,Global Trade Hub,Mumbai,In Stock,4.0
P0739,AAC Block,Construction Materials,Reliable supplier-grade material for manufacturing and industrial use. AAC Block in 600x200x150 mm specification.,Autoclaved Aerated Concrete,Grade 4,600x200x150 mm,58.96,kg,500,Universal B2B Supplies,Kolkata,Limited Stock,4.7
P0740,Copper Electrical Cable,Electrical,Industrial quality product suitable for bulk commercial procurement. Copper Electrical Cable in 6 sq mm specification.,Copper,FR,6 sq mm,1615.35,box,250,Metro Industrial Supplies,Bengaluru,In Stock,3.7
P0741,Engine Oil Filter,Automotive,Quality-tested product with bulk supply capability. Engine Oil Filter in Large specification.,Steel,OEM Grade,Large,5012.25,box,100,Apex Components,Delhi,In Stock,3.9
P0742,AAC Block,Construction Materials,Quality-tested product with bulk supply capability. AAC Block in 600x200x150 mm specification.,Autoclaved Aerated Concrete,Grade 4,600x200x150 mm,161.07,box,25,Metro Industrial Supplies,Bengaluru,Limited Stock,4.9
P0743,Ceramic Wall Tile,Construction Materials,Quality-tested product with bulk supply capability. Ceramic Wall Tile in 300x450 mm specification.,Ceramic,Glossy,300x450 mm,1662.37,piece,10,ABC Industries,Chennai,In Stock,3.9
P0744,Copper Electrical Cable,Electrical,Industrial quality product suitable for bulk commercial procurement. Copper Electrical Cable in 6 sq mm specification.,Copper,FR,6 sq mm,1140.79,box,25,Evergreen Manufacturing,Ahmedabad,In Stock,3.8
P0745,Portland Cement,Construction Materials,Quality-tested product with bulk supply capability. Portland Cement in 25 kg specification.,Cement,OPC 53 Grade,25 kg,951.25,meter,1000,Universal B2B Supplies,Kolkata,In Stock,3.8
P0746,Polyester Fabric Roll,Textiles,Quality-tested product with bulk supply capability. Polyester Fabric Roll in 1.8 m specification.,Polyester,Knitted,1.8 m,702.23,meter,25,National Engineering Works,Hyderabad,In Stock,4.4
P0747,Citric Acid Powder,Chemicals,"Suitable for wholesale buyers, distributors, and regular business orders. Citric Acid Powder in 50 kg specification.",Citric Acid,Food Grade,50 kg,233.84,piece,10,Sri Lakshmi Enterprises,Erode,In Stock,3.9
P0748,Stainless Steel Nut,Hardware,Industrial quality product suitable for bulk commercial procurement. Stainless Steel Nut in M10 specification.,Stainless Steel,304,M10,1027.03,box,50,Evergreen Manufacturing,Ahmedabad,Limited Stock,3.7
P0749,PET Packaging Bottle,Packaging,"Suitable for wholesale buyers, distributors, and regular business orders. PET Packaging Bottle in 1 L specification.",PET,Food Grade,1 L,179.77,kg,500,Metro Industrial Supplies,Bengaluru,In Stock,3.6
P0750,Stainless Steel Pipe 304,Steel,Industrial quality product suitable for bulk commercial procurement. Stainless Steel Pipe 304 in 3 inch specification.,Stainless steel,304,3 inch,254.24,box,250,Metro Industrial Supplies,Bengaluru,In Stock,3.9
P0751,Construction Plywood,Construction Materials,Industrial quality product suitable for bulk commercial procurement. Construction Plywood in 12 mm specification.,Hardwood,MR Grade,12 mm,1211.56,piece,250,South India Materials,Salem,In Stock,3.9
P0752,Lead Acid Automotive Battery,Automotive,Quality-tested product with bulk supply capability. Lead Acid Automotive Battery in 55 Ah specification.,Lead Acid,Maintenance Free,55 Ah,1713.25,box,500,Kaveri Industrial Solutions,Madurai,In Stock,3.9
P0753,Corrugated Shipping Box,Packaging,Quality-tested product with bulk supply capability. Corrugated Shipping Box in 12x10x8 inch specification.,Kraft Paper,5 Ply,12x10x8 inch,218.56,box,250,Kaveri Industrial Solutions,Madurai,In Stock,4.9
P0754,Calcium Carbonate Powder,Chemicals,Quality-tested product with bulk supply capability. Calcium Carbonate Powder in 1000 kg specification.,Calcium Carbonate,Industrial Grade,1000 kg,246.1,piece,50,Global Trade Hub,Mumbai,In Stock,4.3
P0755,Hex Bolt,Hardware,Quality-tested product with bulk supply capability. Hex Bolt in M8 specification.,Carbon Steel,Grade 8.8,M8,83.74,piece,50,Sri Lakshmi Enterprises,Erode,In Stock,3.7
P0756,Industrial Bearing,Hardware,Quality-tested product with bulk supply capability. Industrial Bearing in 6202 specification.,Chrome Steel,6200 Series,6202,63.11,box,1000,Kaveri Industrial Solutions,Madurai,Limited Stock,4.2
P0757,Copper Electrical Cable,Electrical,Reliable supplier-grade material for manufacturing and industrial use. Copper Electrical Cable in 4 sq mm specification.,Copper,FR,4 sq mm,604.89,box,25,Prime Traders,Coimbatore,In Stock,4.3
P0758,Ceramic Wall Tile,Construction Materials,Industrial quality product suitable for bulk commercial procurement. Ceramic Wall Tile in 600x600 mm specification.,Ceramic,Glossy,600x600 mm,951.57,piece,100,ABC Industries,Chennai,In Stock,4.7
P0759,PVC Resin,Plastic,"Suitable for wholesale buyers, distributors, and regular business orders. PVC Resin in 25 kg specification.",PVC,K67,25 kg,226.7,kg,100,National Engineering Works,Hyderabad,In Stock,4.8
P0760,Copper Electrical Cable,Electrical,"Suitable for wholesale buyers, distributors, and regular business orders. Copper Electrical Cable in 1.5 sq mm specification.",Copper,FR,1.5 sq mm,2097.06,meter,100,Kaveri Industrial Solutions,Madurai,In Stock,4.0
P0761,MS Steel Plate,Steel,Industrial quality product suitable for bulk commercial procurement. MS Steel Plate in 8 mm specification.,Mild steel,IS 2062,8 mm,449.93,piece,25,Universal B2B Supplies,Kolkata,In Stock,4.0
P0762,Stainless Steel Pipe 304,Steel,Quality-tested product with bulk supply capability. Stainless Steel Pipe 304 in 4 inch specification.,Stainless steel,304,4 inch,227.58,piece,25,Prime Traders,Coimbatore,In Stock,3.5
P0763,Polyester Fabric Roll,Textiles,"Suitable for wholesale buyers, distributors, and regular business orders. Polyester Fabric Roll in 1.8 m specification.",Polyester,Knitted,1.8 m,342.25,piece,10,South India Materials,Salem,Limited Stock,4.7
P0764,Citric Acid Powder,Chemicals,Reliable supplier-grade material for manufacturing and industrial use. Citric Acid Powder in 50 kg specification.,Citric Acid,Food Grade,50 kg,93.25,box,250,Apex Components,Delhi,Limited Stock,4.2
P0765,Industrial Water Pump,Machinery,Quality-tested product with bulk supply capability. Industrial Water Pump in 5 HP specification.,Cast Iron,Centrifugal,5 HP,370195.93,piece,1,Evergreen Manufacturing,Ahmedabad,In Stock,4.4
P0766,Industrial Water Pump,Machinery,Reliable supplier-grade material for manufacturing and industrial use. Industrial Water Pump in 2 HP specification.,Cast Iron,Centrifugal,2 HP,320171.34,piece,2,ABC Industries,Chennai,In Stock,4.9
P0767,Automotive Brake Pad,Automotive,Reliable supplier-grade material for manufacturing and industrial use. Automotive Brake Pad in Rear specification.,Semi Metallic,OEM Grade,Rear,5332.66,meter,50,Kaveri Industrial Solutions,Madurai,In Stock,4.5
P0768,Citric Acid Powder,Chemicals,Industrial quality product suitable for bulk commercial procurement. Citric Acid Powder in 50 kg specification.,Citric Acid,Food Grade,50 kg,305.84,kg,10,National Engineering Works,Hyderabad,Limited Stock,4.1
P0769,Door Hinge,Hardware,Industrial quality product suitable for bulk commercial procurement. Door Hinge in 4 inch specification.,Stainless Steel,Heavy Duty,4 inch,879.18,kg,50,National Engineering Works,Hyderabad,Limited Stock,3.8
P0770,Industrial Electrical Switch,Electrical,Quality-tested product with bulk supply capability. Industrial Electrical Switch in 16A specification.,Polycarbonate,Heavy Duty,16A,1110.68,box,50,Prime Traders,Coimbatore,Limited Stock,4.4
P0771,Calcium Carbonate Powder,Chemicals,Industrial quality product suitable for bulk commercial procurement. Calcium Carbonate Powder in 25 kg specification.,Calcium Carbonate,Industrial Grade,25 kg,133.29,box,1000,Metro Industrial Supplies,Bengaluru,Limited Stock,4.3
P0772,MS Steel Plate,Steel,Quality-tested product with bulk supply capability. MS Steel Plate in 3 mm specification.,Mild steel,IS 2062,3 mm,143.54,meter,100,ABC Industries,Chennai,Limited Stock,4.0
P0773,AAC Block,Construction Materials,Reliable supplier-grade material for manufacturing and industrial use. AAC Block in 600x200x150 mm specification.,Autoclaved Aerated Concrete,Grade 4,600x200x150 mm,166.87,piece,10,National Engineering Works,Hyderabad,In Stock,4.7
P0774,100% Cotton T-Shirt,Textiles,Reliable supplier-grade material for manufacturing and industrial use. 100% Cotton T-Shirt in M specification.,Cotton,Combed,M,625.93,piece,100,Kaveri Industrial Solutions,Madurai,In Stock,4.0
P0775,Stainless Steel Nut,Hardware,Quality-tested product with bulk supply capability. Stainless Steel Nut in M12 specification.,Stainless Steel,304,M12,34.68,piece,100,South India Materials,Salem,Limited Stock,4.2
P0776,Stainless Steel Nut,Hardware,"Suitable for wholesale buyers, distributors, and regular business orders. Stainless Steel Nut in M8 specification.",Stainless Steel,304,M8,855.01,box,50,National Engineering Works,Hyderabad,In Stock,3.7
P0777,Industrial Water Pump,Machinery,"Suitable for wholesale buyers, distributors, and regular business orders. Industrial Water Pump in 5 HP specification.",Cast Iron,Centrifugal,5 HP,357730.23,piece,5,Universal B2B Supplies,Kolkata,In Stock,4.2
P0778,Industrial Bearing,Hardware,"Suitable for wholesale buyers, distributors, and regular business orders. Industrial Bearing in 6204 specification.",Chrome Steel,6200 Series,6204,92.94,piece,500,Universal B2B Supplies,Kolkata,In Stock,3.9
P0779,Industrial Water Pump,Machinery,"Suitable for wholesale buyers, distributors, and regular business orders. Industrial Water Pump in 2 HP specification.",Cast Iron,Centrifugal,2 HP,383050.6,piece,5,Kaveri Industrial Solutions,Madurai,Limited Stock,4.5
P0780,Carbon Steel Pipe,Steel,Reliable supplier-grade material for manufacturing and industrial use. Carbon Steel Pipe in 3 inch specification.,Carbon steel,IS 2062,3 inch,151.11,box,100,Universal B2B Supplies,Kolkata,In Stock,4.4
P0781,PET Packaging Bottle,Packaging,"Suitable for wholesale buyers, distributors, and regular business orders. PET Packaging Bottle in 250 ml specification.",PET,Food Grade,250 ml,182.13,box,500,National Engineering Works,Hyderabad,Limited Stock,4.7
P0782,MCB Circuit Breaker,Electrical,Reliable supplier-grade material for manufacturing and industrial use. MCB Circuit Breaker in 32A specification.,Thermoplastic,B Curve,32A,1903.23,meter,25,Universal B2B Supplies,Kolkata,In Stock,3.7
P0783,Hex Bolt,Hardware,Industrial quality product suitable for bulk commercial procurement. Hex Bolt in M12 specification.,Carbon Steel,Grade 8.8,M12,456.87,piece,1000,Kaveri Industrial Solutions,Madurai,In Stock,4.0
P0784,Calcium Carbonate Powder,Chemicals,Industrial quality product suitable for bulk commercial procurement. Calcium Carbonate Powder in 1000 kg specification.,Calcium Carbonate,Industrial Grade,1000 kg,128.62,kg,1000,Sri Lakshmi Enterprises,Erode,In Stock,4.1
P0785,Ceramic Wall Tile,Construction Materials,"Suitable for wholesale buyers, distributors, and regular business orders. Ceramic Wall Tile in 300x450 mm specification.",Ceramic,Glossy,300x450 mm,411.13,box,50,Techno Supply Co,Pune,In Stock,4.7
P0786,Automotive Rubber Hose,Automotive,Industrial quality product suitable for bulk commercial procurement. Automotive Rubber Hose in 1/2 inch specification.,EPDM Rubber,Heat Resistant,1/2 inch,10503.29,kg,500,Universal B2B Supplies,Kolkata,Limited Stock,4.7
P0787,HDPE Granules,Plastic,Industrial quality product suitable for bulk commercial procurement. HDPE Granules in 1000 kg specification.,HDPE,Injection Grade,1000 kg,249.9,kg,1000,Evergreen Manufacturing,Ahmedabad,In Stock,3.8
P0788,PP Granules,Plastic,Quality-tested product with bulk supply capability. PP Granules in 500 kg specification.,Polypropylene,Injection Grade,500 kg,237.52,meter,1000,Sri Lakshmi Enterprises,Erode,In Stock,3.7
P0789,Stretch Film Roll,Packaging,Industrial quality product suitable for bulk commercial procurement. Stretch Film Roll in 23 micron specification.,LLDPE,Industrial,23 micron,212.91,box,500,Prime Traders,Coimbatore,In Stock,4.8
P0790,Door Hinge,Hardware,Quality-tested product with bulk supply capability. Door Hinge in 4 inch specification.,Stainless Steel,Heavy Duty,4 inch,258.55,box,250,Techno Supply Co,Pune,In Stock,4.4
P0791,Polyester Fabric Roll,Textiles,Quality-tested product with bulk supply capability. Polyester Fabric Roll in 2 m specification.,Polyester,Knitted,2 m,734.03,piece,1000,South India Materials,Salem,Limited Stock,4.9
P0792,Door Hinge,Hardware,Industrial quality product suitable for bulk commercial procurement. Door Hinge in 3 inch specification.,Stainless Steel,Heavy Duty,3 inch,220.09,piece,1000,Kaveri Industrial Solutions,Madurai,In Stock,4.0
P0793,CNC Turning Machine,Machinery,Reliable supplier-grade material for manufacturing and industrial use. CNC Turning Machine in 3 Axis specification.,Cast Iron,CNC,3 Axis,251128.1,piece,1,ABC Industries,Chennai,In Stock,5.0
P0794,Automotive Rubber Hose,Automotive,"Suitable for wholesale buyers, distributors, and regular business orders. Automotive Rubber Hose in 3/4 inch specification.",EPDM Rubber,Heat Resistant,3/4 inch,10646.53,box,500,South India Materials,Salem,In Stock,3.5
P0795,Citric Acid Powder,Chemicals,"Suitable for wholesale buyers, distributors, and regular business orders. Citric Acid Powder in 50 kg specification.",Citric Acid,Food Grade,50 kg,339.75,meter,500,Kaveri Industrial Solutions,Madurai,Limited Stock,4.7
P0796,Caustic Soda Flakes,Chemicals,"Suitable for wholesale buyers, distributors, and regular business orders. Caustic Soda Flakes in 25 kg specification.",Sodium Hydroxide,Industrial Grade,25 kg,200.52,piece,250,Techno Supply Co,Pune,In Stock,3.6
P0797,Automotive Rubber Hose,Automotive,Industrial quality product suitable for bulk commercial procurement. Automotive Rubber Hose in 1 inch specification.,EPDM Rubber,Heat Resistant,1 inch,9121.0,piece,10,Global Trade Hub,Mumbai,In Stock,3.9
P0798,Titanium Dioxide,Chemicals,"Suitable for wholesale buyers, distributors, and regular business orders. Titanium Dioxide in 25 kg specification.",Titanium Dioxide,Rutile Grade,25 kg,76.98,box,50,Universal B2B Supplies,Kolkata,In Stock,3.6
P0799,LDPE Film Roll,Plastic,Reliable supplier-grade material for manufacturing and industrial use. LDPE Film Roll in 100 micron specification.,LDPE,Film Grade,100 micron,239.48,meter,50,Evergreen Manufacturing,Ahmedabad,In Stock,4.0
P0800,Citric Acid Powder,Chemicals,Reliable supplier-grade material for manufacturing and industrial use. Citric Acid Powder in 50 kg specification.,Citric Acid,Food Grade,50 kg,381.88,kg,50,Techno Supply Co,Pune,In Stock,4.2
P0801,Industrial Electrical Switch,Electrical,Quality-tested product with bulk supply capability. Industrial Electrical Switch in 32A specification.,Polycarbonate,Heavy Duty,32A,339.55,meter,25,Prime Traders,Coimbatore,In Stock,4.2
P0802,PET Packaging Bottle,Packaging,Quality-tested product with bulk supply capability. PET Packaging Bottle in 1 L specification.,PET,Food Grade,1 L,132.14,box,250,Techno Supply Co,Pune,Limited Stock,5.0
P0803,Industrial Bearing,Hardware,Reliable supplier-grade material for manufacturing and industrial use. Industrial Bearing in 6204 specification.,Chrome Steel,6200 Series,6204,759.67,box,500,Sri Lakshmi Enterprises,Erode,In Stock,4.5
P0804,Industrial Bearing,Hardware,Industrial quality product suitable for bulk commercial procurement. Industrial Bearing in 6202 specification.,Chrome Steel,6200 Series,6202,236.95,kg,250,Universal B2B Supplies,Kolkata,Limited Stock,3.7
P0805,Stretch Film Roll,Packaging,"Suitable for wholesale buyers, distributors, and regular business orders. Stretch Film Roll in 23 micron specification.",LLDPE,Industrial,23 micron,42.56,box,250,Techno Supply Co,Pune,In Stock,3.9
P0806,Carbon Steel Pipe,Steel,Reliable supplier-grade material for manufacturing and industrial use. Carbon Steel Pipe in 2 inch specification.,Carbon steel,IS 2062,2 inch,236.05,box,50,Evergreen Manufacturing,Ahmedabad,In Stock,4.7
P0807,Hex Bolt,Hardware,Quality-tested product with bulk supply capability. Hex Bolt in M6 specification.,Carbon Steel,Grade 8.8,M6,524.28,piece,500,Techno Supply Co,Pune,In Stock,4.3
P0808,PET Packaging Bottle,Packaging,Quality-tested product with bulk supply capability. PET Packaging Bottle in 500 ml specification.,PET,Food Grade,500 ml,209.25,piece,100,Universal B2B Supplies,Kolkata,Limited Stock,4.5
P0809,LED Panel Light,Electrical,Reliable supplier-grade material for manufacturing and industrial use. LED Panel Light in 12W specification.,Aluminium,Commercial,12W,1701.52,meter,100,Evergreen Manufacturing,Ahmedabad,Limited Stock,4.0
P0810,MS Steel Plate,Steel,Industrial quality product suitable for bulk commercial procurement. MS Steel Plate in 8 mm specification.,Mild steel,IS 2062,8 mm,112.76,piece,500,Apex Components,Delhi,In Stock,4.3
P0811,HDPE Granules,Plastic,Reliable supplier-grade material for manufacturing and industrial use. HDPE Granules in 25 kg specification.,HDPE,Injection Grade,25 kg,194.62,kg,250,Evergreen Manufacturing,Ahmedabad,Limited Stock,4.3
P0812,Stainless Steel Pipe 304,Steel,Quality-tested product with bulk supply capability. Stainless Steel Pipe 304 in 2 inch specification.,Stainless steel,304,2 inch,181.74,piece,25,ABC Industries,Chennai,In Stock,4.7
P0813,AAC Block,Construction Materials,Quality-tested product with bulk supply capability. AAC Block in 600x200x150 mm specification.,Autoclaved Aerated Concrete,Grade 4,600x200x150 mm,90.52,kg,50,Evergreen Manufacturing,Ahmedabad,In Stock,4.1
P0814,Automotive Rubber Hose,Automotive,Reliable supplier-grade material for manufacturing and industrial use. Automotive Rubber Hose in 3/4 inch specification.,EPDM Rubber,Heat Resistant,3/4 inch,1228.65,kg,250,National Engineering Works,Hyderabad,In Stock,3.7
P0815,Caustic Soda Flakes,Chemicals,"Suitable for wholesale buyers, distributors, and regular business orders. Caustic Soda Flakes in 25 kg specification.",Sodium Hydroxide,Industrial Grade,25 kg,478.47,piece,10,National Engineering Works,Hyderabad,In Stock,3.5
P0816,GI Steel Sheet,Steel,"Suitable for wholesale buyers, distributors, and regular business orders. GI Steel Sheet in 2 mm specification.",Galvanized steel,IS 277,2 mm,198.42,meter,50,Prime Traders,Coimbatore,Limited Stock,4.9
P0817,HDPE Granules,Plastic,Quality-tested product with bulk supply capability. HDPE Granules in 25 kg specification.,HDPE,Injection Grade,25 kg,242.99,piece,100,Metro Industrial Supplies,Bengaluru,In Stock,3.9
P0818,PET Packaging Bottle,Packaging,Reliable supplier-grade material for manufacturing and industrial use. PET Packaging Bottle in 1 L specification.,PET,Food Grade,1 L,21.04,piece,500,South India Materials,Salem,In Stock,3.9
P0819,Portland Cement,Construction Materials,Quality-tested product with bulk supply capability. Portland Cement in 25 kg specification.,Cement,OPC 53 Grade,25 kg,1176.28,piece,50,Techno Supply Co,Pune,Limited Stock,3.6
P0820,Engine Oil Filter,Automotive,Reliable supplier-grade material for manufacturing and industrial use. Engine Oil Filter in Small specification.,Steel,OEM Grade,Small,6554.21,piece,1000,Global Trade Hub,Mumbai,Limited Stock,4.9
P0821,Lead Acid Automotive Battery,Automotive,Reliable supplier-grade material for manufacturing and industrial use. Lead Acid Automotive Battery in 35 Ah specification.,Lead Acid,Maintenance Free,35 Ah,9779.83,box,500,ABC Industries,Chennai,In Stock,3.6
P0822,Door Hinge,Hardware,Reliable supplier-grade material for manufacturing and industrial use. Door Hinge in 5 inch specification.,Stainless Steel,Heavy Duty,5 inch,1259.55,box,250,National Engineering Works,Hyderabad,In Stock,3.6
P0823,Automotive Brake Pad,Automotive,Reliable supplier-grade material for manufacturing and industrial use. Automotive Brake Pad in Rear specification.,Semi Metallic,OEM Grade,Rear,4834.36,kg,1000,Prime Traders,Coimbatore,In Stock,4.8
P0824,Cotton Grey Fabric,Textiles,Reliable supplier-grade material for manufacturing and industrial use. Cotton Grey Fabric in 60 inch specification.,Cotton,Greige,60 inch,615.43,meter,50,Global Trade Hub,Mumbai,In Stock,4.0
P0825,Door Hinge,Hardware,Quality-tested product with bulk supply capability. Door Hinge in 3 inch specification.,Stainless Steel,Heavy Duty,3 inch,202.32,piece,1000,Universal B2B Supplies,Kolkata,In Stock,4.9
P0826,Industrial Electrical Switch,Electrical,Industrial quality product suitable for bulk commercial procurement. Industrial Electrical Switch in 63A specification.,Polycarbonate,Heavy Duty,63A,1793.85,meter,250,Universal B2B Supplies,Kolkata,In Stock,4.3
P0827,Hex Bolt,Hardware,Reliable supplier-grade material for manufacturing and industrial use. Hex Bolt in M10 specification.,Carbon Steel,Grade 8.8,M10,1241.55,box,500,South India Materials,Salem,In Stock,3.7
P0828,PP Woven Sack,Packaging,"Suitable for wholesale buyers, distributors, and regular business orders. PP Woven Sack in 50 kg specification.",Polypropylene,Laminated,50 kg,59.27,piece,250,ABC Industries,Chennai,In Stock,3.6
P0829,AAC Block,Construction Materials,"Suitable for wholesale buyers, distributors, and regular business orders. AAC Block in 600x200x100 mm specification.",Autoclaved Aerated Concrete,Grade 4,600x200x100 mm,1764.41,box,10,Metro Industrial Supplies,Bengaluru,Limited Stock,4.9
P0830,Ceramic Wall Tile,Construction Materials,"Suitable for wholesale buyers, distributors, and regular business orders. Ceramic Wall Tile in 300x450 mm specification.",Ceramic,Glossy,300x450 mm,1771.83,meter,10,Metro Industrial Supplies,Bengaluru,Limited Stock,3.8
P0831,Polyester Fabric Roll,Textiles,"Suitable for wholesale buyers, distributors, and regular business orders. Polyester Fabric Roll in 1.5 m specification.",Polyester,Knitted,1.5 m,220.03,kg,25,Evergreen Manufacturing,Ahmedabad,In Stock,4.8
P0832,Citric Acid Powder,Chemicals,Quality-tested product with bulk supply capability. Citric Acid Powder in 25 kg specification.,Citric Acid,Food Grade,25 kg,354.98,box,500,Universal B2B Supplies,Kolkata,In Stock,4.9
P0833,GI Steel Sheet,Steel,"Suitable for wholesale buyers, distributors, and regular business orders. GI Steel Sheet in 2 mm specification.",Galvanized steel,IS 277,2 mm,181.39,meter,100,South India Materials,Salem,In Stock,4.8
P0834,100% Cotton T-Shirt,Textiles,Quality-tested product with bulk supply capability. 100% Cotton T-Shirt in L specification.,Cotton,Combed,L,535.28,box,10,South India Materials,Salem,In Stock,4.0
P0835,Portland Cement,Construction Materials,Reliable supplier-grade material for manufacturing and industrial use. Portland Cement in 25 kg specification.,Cement,OPC 53 Grade,25 kg,768.64,kg,25,Universal B2B Supplies,Kolkata,In Stock,4.0
P0836,HDPE Granules,Plastic,"Suitable for wholesale buyers, distributors, and regular business orders. HDPE Granules in 25 kg specification.",HDPE,Injection Grade,25 kg,169.35,kg,250,Kaveri Industrial Solutions,Madurai,In Stock,3.9
P0837,Stainless Steel Nut,Hardware,Industrial quality product suitable for bulk commercial procurement. Stainless Steel Nut in M10 specification.,Stainless Steel,304,M10,1232.81,kg,100,ABC Industries,Chennai,Limited Stock,4.6
P0838,Hex Bolt,Hardware,Industrial quality product suitable for bulk commercial procurement. Hex Bolt in M6 specification.,Carbon Steel,Grade 8.8,M6,1375.24,box,250,ABC Industries,Chennai,In Stock,3.6
P0839,Hex Bolt,Hardware,Industrial quality product suitable for bulk commercial procurement. Hex Bolt in M10 specification.,Carbon Steel,Grade 8.8,M10,940.03,piece,50,Evergreen Manufacturing,Ahmedabad,In Stock,3.9
P0840,Industrial Water Pump,Machinery,Industrial quality product suitable for bulk commercial procurement. Industrial Water Pump in 2 HP specification.,Cast Iron,Centrifugal,2 HP,457378.93,piece,1,Evergreen Manufacturing,Ahmedabad,Limited Stock,4.1
P0841,Industrial Air Compressor,Machinery,Quality-tested product with bulk supply capability. Industrial Air Compressor in 10 HP specification.,Cast Iron,Reciprocating,10 HP,564111.29,piece,1,Apex Components,Delhi,In Stock,4.4
P0842,HDPE Granules,Plastic,Reliable supplier-grade material for manufacturing and industrial use. HDPE Granules in 25 kg specification.,HDPE,Injection Grade,25 kg,234.06,piece,250,Evergreen Manufacturing,Ahmedabad,In Stock,4.0
P0843,Industrial Bearing,Hardware,Reliable supplier-grade material for manufacturing and industrial use. Industrial Bearing in 6204 specification.,Chrome Steel,6200 Series,6204,208.23,piece,50,Metro Industrial Supplies,Bengaluru,In Stock,4.4
P0844,Automotive Rubber Hose,Automotive,Quality-tested product with bulk supply capability. Automotive Rubber Hose in 3/4 inch specification.,EPDM Rubber,Heat Resistant,3/4 inch,10639.88,piece,25,Evergreen Manufacturing,Ahmedabad,In Stock,4.4
P0845,Calcium Carbonate Powder,Chemicals,Reliable supplier-grade material for manufacturing and industrial use. Calcium Carbonate Powder in 25 kg specification.,Calcium Carbonate,Industrial Grade,25 kg,313.9,piece,10,Techno Supply Co,Pune,In Stock,4.1
P0846,Polyester Fabric Roll,Textiles,Quality-tested product with bulk supply capability. Polyester Fabric Roll in 2 m specification.,Polyester,Knitted,2 m,732.51,box,25,Metro Industrial Supplies,Bengaluru,Limited Stock,4.4
P0847,Stretch Film Roll,Packaging,Quality-tested product with bulk supply capability. Stretch Film Roll in 50 micron specification.,LLDPE,Industrial,50 micron,107.58,piece,50,National Engineering Works,Hyderabad,In Stock,4.2
P0848,Carbon Steel Pipe,Steel,"Suitable for wholesale buyers, distributors, and regular business orders. Carbon Steel Pipe in 2 inch specification.",Carbon steel,IS 2062,2 inch,310.85,piece,100,Kaveri Industrial Solutions,Madurai,Limited Stock,3.8
P0849,Copper Electrical Cable,Electrical,Industrial quality product suitable for bulk commercial procurement. Copper Electrical Cable in 4 sq mm specification.,Copper,FR,4 sq mm,295.48,kg,250,ABC Industries,Chennai,In Stock,3.9
P0850,Cotton Grey Fabric,Textiles,Reliable supplier-grade material for manufacturing and industrial use. Cotton Grey Fabric in 44 inch specification.,Cotton,Greige,44 inch,275.32,box,25,ABC Industries,Chennai,In Stock,4.6
P0851,PP Woven Sack,Packaging,Industrial quality product suitable for bulk commercial procurement. PP Woven Sack in 25 kg specification.,Polypropylene,Laminated,25 kg,10.27,box,50,Metro Industrial Supplies,Bengaluru,In Stock,4.1
P0852,PVC Resin,Plastic,"Suitable for wholesale buyers, distributors, and regular business orders. PVC Resin in 25 kg specification.",PVC,K67,25 kg,174.93,box,1000,National Engineering Works,Hyderabad,In Stock,4.9
P0853,Construction Plywood,Construction Materials,Reliable supplier-grade material for manufacturing and industrial use. Construction Plywood in 18 mm specification.,Hardwood,MR Grade,18 mm,222.1,piece,1000,Prime Traders,Coimbatore,In Stock,4.3
P0854,Stretch Film Roll,Packaging,Reliable supplier-grade material for manufacturing and industrial use. Stretch Film Roll in 50 micron specification.,LLDPE,Industrial,50 micron,244.36,piece,50,South India Materials,Salem,In Stock,4.7
P0855,PP Woven Sack,Packaging,Quality-tested product with bulk supply capability. PP Woven Sack in 25 kg specification.,Polypropylene,Laminated,25 kg,199.92,piece,1000,Apex Components,Delhi,In Stock,4.6
P0856,Hex Bolt,Hardware,"Suitable for wholesale buyers, distributors, and regular business orders. Hex Bolt in M8 specification.",Carbon Steel,Grade 8.8,M8,583.4,kg,1000,Techno Supply Co,Pune,Limited Stock,4.3
P0857,LED Panel Light,Electrical,"Suitable for wholesale buyers, distributors, and regular business orders. LED Panel Light in 24W specification.",Aluminium,Commercial,24W,1772.93,meter,100,Techno Supply Co,Pune,Limited Stock,4.5
P0858,Portland Cement,Construction Materials,Reliable supplier-grade material for manufacturing and industrial use. Portland Cement in 25 kg specification.,Cement,OPC 53 Grade,25 kg,1611.84,meter,1000,Metro Industrial Supplies,Bengaluru,Limited Stock,3.8
P0859,Industrial Water Pump,Machinery,"Suitable for wholesale buyers, distributors, and regular business orders. Industrial Water Pump in 10 HP specification.",Cast Iron,Centrifugal,10 HP,562911.87,piece,2,Sri Lakshmi Enterprises,Erode,In Stock,3.7
P0860,PVC Resin,Plastic,"Suitable for wholesale buyers, distributors, and regular business orders. PVC Resin in 500 kg specification.",PVC,K67,500 kg,150.86,kg,100,Techno Supply Co,Pune,Limited Stock,4.2
P0861,Industrial Water Pump,Machinery,Industrial quality product suitable for bulk commercial procurement. Industrial Water Pump in 5 HP specification.,Cast Iron,Centrifugal,5 HP,207286.74,piece,2,Kaveri Industrial Solutions,Madurai,In Stock,4.2
P0862,Caustic Soda Flakes,Chemicals,"Suitable for wholesale buyers, distributors, and regular business orders. Caustic Soda Flakes in 50 kg specification.",Sodium Hydroxide,Industrial Grade,50 kg,182.53,kg,1000,Prime Traders,Coimbatore,In Stock,3.6
P0863,PVC Resin,Plastic,"Suitable for wholesale buyers, distributors, and regular business orders. PVC Resin in 25 kg specification.",PVC,K67,25 kg,116.07,piece,500,Techno Supply Co,Pune,In Stock,4.0
P0864,Citric Acid Powder,Chemicals,"Suitable for wholesale buyers, distributors, and regular business orders. Citric Acid Powder in 25 kg specification.",Citric Acid,Food Grade,25 kg,382.92,box,10,Universal B2B Supplies,Kolkata,In Stock,4.7
P0865,Industrial Water Pump,Machinery,Reliable supplier-grade material for manufacturing and industrial use. Industrial Water Pump in 10 HP specification.,Cast Iron,Centrifugal,10 HP,31837.16,piece,5,Apex Components,Delhi,Limited Stock,3.8
P0866,Industrial Polyester Yarn,Textiles,Quality-tested product with bulk supply capability. Industrial Polyester Yarn in 20s specification.,Polyester,Spun,20s,577.86,meter,500,Techno Supply Co,Pune,In Stock,4.7
P0867,PP Woven Sack,Packaging,Industrial quality product suitable for bulk commercial procurement. PP Woven Sack in 50 kg specification.,Polypropylene,Laminated,50 kg,107.33,box,500,Universal B2B Supplies,Kolkata,In Stock,3.7
P0868,LED Panel Light,Electrical,Reliable supplier-grade material for manufacturing and industrial use. LED Panel Light in 12W specification.,Aluminium,Commercial,12W,2048.76,box,50,Kaveri Industrial Solutions,Madurai,Limited Stock,4.1
P0869,Hydraulic Press Machine,Machinery,Reliable supplier-grade material for manufacturing and industrial use. Hydraulic Press Machine in 50 Ton specification.,Steel,Hydraulic,50 Ton,38362.91,piece,1,Evergreen Manufacturing,Ahmedabad,In Stock,5.0
P0870,PET Packaging Bottle,Packaging,Quality-tested product with bulk supply capability. PET Packaging Bottle in 500 ml specification.,PET,Food Grade,500 ml,237.43,piece,1000,Metro Industrial Supplies,Bengaluru,In Stock,4.2
P0871,PET Packaging Bottle,Packaging,Reliable supplier-grade material for manufacturing and industrial use. PET Packaging Bottle in 1 L specification.,PET,Food Grade,1 L,27.84,piece,1000,National Engineering Works,Hyderabad,In Stock,4.7
P0872,Construction Plywood,Construction Materials,Reliable supplier-grade material for manufacturing and industrial use. Construction Plywood in 6 mm specification.,Hardwood,MR Grade,6 mm,366.21,meter,50,Sri Lakshmi Enterprises,Erode,In Stock,3.9
P0873,Automotive Brake Pad,Automotive,"Suitable for wholesale buyers, distributors, and regular business orders. Automotive Brake Pad in Rear specification.",Semi Metallic,OEM Grade,Rear,4518.53,kg,25,ABC Industries,Chennai,Limited Stock,4.1
P0874,PP Granules,Plastic,Reliable supplier-grade material for manufacturing and industrial use. PP Granules in 1000 kg specification.,Polypropylene,Injection Grade,1000 kg,180.0,kg,100,South India Materials,Salem,In Stock,4.8
P0875,Titanium Dioxide,Chemicals,Reliable supplier-grade material for manufacturing and industrial use. Titanium Dioxide in 500 kg specification.,Titanium Dioxide,Rutile Grade,500 kg,321.67,box,250,Sri Lakshmi Enterprises,Erode,Limited Stock,3.9
P0876,Carbon Steel Pipe,Steel,"Suitable for wholesale buyers, distributors, and regular business orders. Carbon Steel Pipe in 4 inch specification.",Carbon steel,IS 2062,4 inch,385.1,piece,250,Prime Traders,Coimbatore,Limited Stock,4.2
P0877,Portland Cement,Construction Materials,"Suitable for wholesale buyers, distributors, and regular business orders. Portland Cement in 25 kg specification.",Cement,OPC 53 Grade,25 kg,1166.88,meter,50,National Engineering Works,Hyderabad,Limited Stock,4.4
P0878,Industrial Electrical Switch,Electrical,Quality-tested product with bulk supply capability. Industrial Electrical Switch in 16A specification.,Polycarbonate,Heavy Duty,16A,2261.92,meter,100,Sri Lakshmi Enterprises,Erode,In Stock,4.5
P0879,LDPE Film Roll,Plastic,"Suitable for wholesale buyers, distributors, and regular business orders. LDPE Film Roll in 150 micron specification.",LDPE,Film Grade,150 micron,125.13,piece,50,ABC Industries,Chennai,In Stock,4.5
P0880,Industrial Polyester Yarn,Textiles,Industrial quality product suitable for bulk commercial procurement. Industrial Polyester Yarn in 30s specification.,Polyester,Spun,30s,214.56,box,10,Techno Supply Co,Pune,In Stock,4.1
P0881,LED Panel Light,Electrical,Quality-tested product with bulk supply capability. LED Panel Light in 18W specification.,Aluminium,Commercial,18W,226.23,kg,10,Techno Supply Co,Pune,Limited Stock,4.0
P0882,CNC Turning Machine,Machinery,Reliable supplier-grade material for manufacturing and industrial use. CNC Turning Machine in 3 Axis specification.,Cast Iron,CNC,3 Axis,31173.98,piece,1,ABC Industries,Chennai,In Stock,4.5
P0883,Industrial Bearing,Hardware,Quality-tested product with bulk supply capability. Industrial Bearing in 6206 specification.,Chrome Steel,6200 Series,6206,125.66,kg,100,Prime Traders,Coimbatore,In Stock,4.2
P0884,Citric Acid Powder,Chemicals,Industrial quality product suitable for bulk commercial procurement. Citric Acid Powder in 25 kg specification.,Citric Acid,Food Grade,25 kg,323.14,piece,50,ABC Industries,Chennai,Limited Stock,3.8
P0885,GI Steel Sheet,Steel,Industrial quality product suitable for bulk commercial procurement. GI Steel Sheet in 1 mm specification.,Galvanized steel,IS 277,1 mm,212.49,piece,500,Kaveri Industrial Solutions,Madurai,In Stock,4.2
P0886,Stainless Steel Pipe 304,Steel,Industrial quality product suitable for bulk commercial procurement. Stainless Steel Pipe 304 in 4 inch specification.,Stainless steel,304,4 inch,194.08,kg,250,Universal B2B Supplies,Kolkata,In Stock,4.7
P0887,Polyester Fabric Roll,Textiles,Industrial quality product suitable for bulk commercial procurement. Polyester Fabric Roll in 1.8 m specification.,Polyester,Knitted,1.8 m,275.99,kg,100,Metro Industrial Supplies,Bengaluru,In Stock,4.0
P0888,100% Cotton T-Shirt,Textiles,Reliable supplier-grade material for manufacturing and industrial use. 100% Cotton T-Shirt in M specification.,Cotton,Combed,M,741.6,piece,500,Prime Traders,Coimbatore,In Stock,4.1
P0889,PVC Resin,Plastic,Quality-tested product with bulk supply capability. PVC Resin in 500 kg specification.,PVC,K67,500 kg,214.16,piece,250,Techno Supply Co,Pune,Limited Stock,3.7
P0890,100% Cotton T-Shirt,Textiles,"Suitable for wholesale buyers, distributors, and regular business orders. 100% Cotton T-Shirt in L specification.",Cotton,Combed,L,255.42,meter,500,Global Trade Hub,Mumbai,In Stock,4.1
P0891,Stainless Steel Nut,Hardware,"Suitable for wholesale buyers, distributors, and regular business orders. Stainless Steel Nut in M6 specification.",Stainless Steel,304,M6,1223.0,kg,1000,Apex Components,Delhi,In Stock,3.6
P0892,Industrial Polyester Yarn,Textiles,Reliable supplier-grade material for manufacturing and industrial use. Industrial Polyester Yarn in 30s specification.,Polyester,Spun,30s,509.67,kg,500,Evergreen Manufacturing,Ahmedabad,In Stock,4.9
P0893,AAC Block,Construction Materials,Reliable supplier-grade material for manufacturing and industrial use. AAC Block in 600x200x150 mm specification.,Autoclaved Aerated Concrete,Grade 4,600x200x150 mm,1664.95,piece,50,Apex Components,Delhi,In Stock,5.0
P0894,Hex Bolt,Hardware,Quality-tested product with bulk supply capability. Hex Bolt in M10 specification.,Carbon Steel,Grade 8.8,M10,913.58,kg,500,ABC Industries,Chennai,In Stock,4.3
P0895,Carbon Steel Pipe,Steel,Reliable supplier-grade material for manufacturing and industrial use. Carbon Steel Pipe in 1 inch specification.,Carbon steel,IS 2062,1 inch,360.81,kg,50,Evergreen Manufacturing,Ahmedabad,Limited Stock,4.6
P0896,Portland Cement,Construction Materials,Reliable supplier-grade material for manufacturing and industrial use. Portland Cement in 25 kg specification.,Cement,OPC 53 Grade,25 kg,680.4,box,25,Sri Lakshmi Enterprises,Erode,Limited Stock,3.8
P0897,Carbon Steel Pipe,Steel,"Suitable for wholesale buyers, distributors, and regular business orders. Carbon Steel Pipe in 4 inch specification.",Carbon steel,IS 2062,4 inch,404.61,piece,50,Universal B2B Supplies,Kolkata,In Stock,4.3
P0898,Hydraulic Press Machine,Machinery,"Suitable for wholesale buyers, distributors, and regular business orders. Hydraulic Press Machine in 20 Ton specification.",Steel,Hydraulic,20 Ton,511987.54,piece,2,Metro Industrial Supplies,Bengaluru,In Stock,3.8
P0899,Carbon Steel Pipe,Steel,Quality-tested product with bulk supply capability. Carbon Steel Pipe in 2 inch specification.,Carbon steel,IS 2062,2 inch,402.9,box,25,Evergreen Manufacturing,Ahmedabad,In Stock,3.6
P0900,Hex Bolt,Hardware,Reliable supplier-grade material for manufacturing and industrial use. Hex Bolt in M8 specification.,Carbon Steel,Grade 8.8,M8,952.28,piece,100,ABC Industries,Chennai,In Stock,3.8
P0901,Engine Oil Filter,Automotive,Reliable supplier-grade material for manufacturing and industrial use. Engine Oil Filter in Small specification.,Steel,OEM Grade,Small,1076.25,meter,50,Techno Supply Co,Pune,In Stock,3.9
P0902,MCB Circuit Breaker,Electrical,Quality-tested product with bulk supply capability. MCB Circuit Breaker in 32A specification.,Thermoplastic,B Curve,32A,1491.88,piece,50,National Engineering Works,Hyderabad,In Stock,4.9
P0903,PET Packaging Bottle,Packaging,Quality-tested product with bulk supply capability. PET Packaging Bottle in 500 ml specification.,PET,Food Grade,500 ml,120.32,box,1000,Sri Lakshmi Enterprises,Erode,In Stock,4.7
P0904,Hex Bolt,Hardware,Reliable supplier-grade material for manufacturing and industrial use. Hex Bolt in M12 specification.,Carbon Steel,Grade 8.8,M12,1281.36,box,1000,South India Materials,Salem,In Stock,3.9
P0905,Door Hinge,Hardware,Industrial quality product suitable for bulk commercial procurement. Door Hinge in 4 inch specification.,Stainless Steel,Heavy Duty,4 inch,563.97,kg,500,National Engineering Works,Hyderabad,In Stock,3.7
P0906,Stainless Steel Nut,Hardware,Quality-tested product with bulk supply capability. Stainless Steel Nut in M8 specification.,Stainless Steel,304,M8,8.26,kg,250,Metro Industrial Supplies,Bengaluru,Limited Stock,4.9
P0907,Hydraulic Press Machine,Machinery,Industrial quality product suitable for bulk commercial procurement. Hydraulic Press Machine in 50 Ton specification.,Steel,Hydraulic,50 Ton,201991.22,piece,5,Kaveri Industrial Solutions,Madurai,Limited Stock,4.8
P0908,LDPE Film Roll,Plastic,"Suitable for wholesale buyers, distributors, and regular business orders. LDPE Film Roll in 150 micron specification.",LDPE,Film Grade,150 micron,114.67,meter,50,Sri Lakshmi Enterprises,Erode,Limited Stock,4.5
P0909,Corrugated Shipping Box,Packaging,Reliable supplier-grade material for manufacturing and industrial use. Corrugated Shipping Box in 24x18x12 inch specification.,Kraft Paper,5 Ply,24x18x12 inch,232.0,kg,100,South India Materials,Salem,Limited Stock,3.6
P0910,Corrugated Shipping Box,Packaging,Quality-tested product with bulk supply capability. Corrugated Shipping Box in 24x18x12 inch specification.,Kraft Paper,5 Ply,24x18x12 inch,163.11,box,1000,Apex Components,Delhi,In Stock,3.9
P0911,Ceramic Wall Tile,Construction Materials,Industrial quality product suitable for bulk commercial procurement. Ceramic Wall Tile in 300x450 mm specification.,Ceramic,Glossy,300x450 mm,1390.04,meter,100,Prime Traders,Coimbatore,In Stock,4.8
P0912,Industrial Electrical Switch,Electrical,"Suitable for wholesale buyers, distributors, and regular business orders. Industrial Electrical Switch in 32A specification.",Polycarbonate,Heavy Duty,32A,839.28,meter,250,Universal B2B Supplies,Kolkata,Limited Stock,4.6
P0913,HDPE Granules,Plastic,Reliable supplier-grade material for manufacturing and industrial use. HDPE Granules in 1000 kg specification.,HDPE,Injection Grade,1000 kg,248.64,box,1000,Evergreen Manufacturing,Ahmedabad,In Stock,4.6
P0914,Hydraulic Press Machine,Machinery,Industrial quality product suitable for bulk commercial procurement. Hydraulic Press Machine in 20 Ton specification.,Steel,Hydraulic,20 Ton,494423.89,piece,1,Sri Lakshmi Enterprises,Erode,In Stock,4.7
P0915,Industrial Water Pump,Machinery,Reliable supplier-grade material for manufacturing and industrial use. Industrial Water Pump in 10 HP specification.,Cast Iron,Centrifugal,10 HP,446499.29,piece,1,National Engineering Works,Hyderabad,In Stock,3.8
P0916,MCB Circuit Breaker,Electrical,Reliable supplier-grade material for manufacturing and industrial use. MCB Circuit Breaker in 63A specification.,Thermoplastic,B Curve,63A,1316.22,kg,100,Sri Lakshmi Enterprises,Erode,In Stock,3.8
P0917,MCB Circuit Breaker,Electrical,Reliable supplier-grade material for manufacturing and industrial use. MCB Circuit Breaker in 32A specification.,Thermoplastic,B Curve,32A,1168.94,kg,1000,South India Materials,Salem,In Stock,3.9
P0918,Industrial Air Compressor,Machinery,Reliable supplier-grade material for manufacturing and industrial use. Industrial Air Compressor in 10 HP specification.,Cast Iron,Reciprocating,10 HP,221737.35,piece,5,Prime Traders,Coimbatore,Limited Stock,4.2
P0919,HDPE Granules,Plastic,Industrial quality product suitable for bulk commercial procurement. HDPE Granules in 25 kg specification.,HDPE,Injection Grade,25 kg,242.91,kg,500,National Engineering Works,Hyderabad,In Stock,3.8
P0920,MS Steel Plate,Steel,Quality-tested product with bulk supply capability. MS Steel Plate in 8 mm specification.,Mild steel,IS 2062,8 mm,255.1,box,250,Kaveri Industrial Solutions,Madurai,In Stock,4.1
P0921,Stretch Film Roll,Packaging,Industrial quality product suitable for bulk commercial procurement. Stretch Film Roll in 23 micron specification.,LLDPE,Industrial,23 micron,167.94,box,1000,Global Trade Hub,Mumbai,In Stock,4.8
P0922,HDPE Granules,Plastic,Industrial quality product suitable for bulk commercial procurement. HDPE Granules in 500 kg specification.,HDPE,Injection Grade,500 kg,162.42,piece,10,Universal B2B Supplies,Kolkata,In Stock,4.9
P0923,Cotton Grey Fabric,Textiles,Quality-tested product with bulk supply capability. Cotton Grey Fabric in 58 inch specification.,Cotton,Greige,58 inch,655.22,meter,250,Evergreen Manufacturing,Ahmedabad,In Stock,3.5
P0924,Corrugated Shipping Box,Packaging,Quality-tested product with bulk supply capability. Corrugated Shipping Box in 24x18x12 inch specification.,Kraft Paper,5 Ply,24x18x12 inch,218.99,kg,250,Global Trade Hub,Mumbai,In Stock,4.4
P0925,Industrial Air Compressor,Machinery,Industrial quality product suitable for bulk commercial procurement. Industrial Air Compressor in 10 HP specification.,Cast Iron,Reciprocating,10 HP,564973.73,piece,2,South India Materials,Salem,Limited Stock,3.9
P0926,Polyester Fabric Roll,Textiles,Quality-tested product with bulk supply capability. Polyester Fabric Roll in 2 m specification.,Polyester,Knitted,2 m,732.19,kg,25,Evergreen Manufacturing,Ahmedabad,In Stock,4.0
P0927,Lead Acid Automotive Battery,Automotive,Reliable supplier-grade material for manufacturing and industrial use. Lead Acid Automotive Battery in 35 Ah specification.,Lead Acid,Maintenance Free,35 Ah,11467.36,meter,500,Kaveri Industrial Solutions,Madurai,In Stock,3.8
P0928,HDPE Granules,Plastic,"Suitable for wholesale buyers, distributors, and regular business orders. HDPE Granules in 500 kg specification.",HDPE,Injection Grade,500 kg,76.72,box,100,Universal B2B Supplies,Kolkata,In Stock,4.6
P0929,Hex Bolt,Hardware,"Suitable for wholesale buyers, distributors, and regular business orders. Hex Bolt in M8 specification.",Carbon Steel,Grade 8.8,M8,951.06,box,50,Techno Supply Co,Pune,In Stock,4.9
P0930,Portland Cement,Construction Materials,Quality-tested product with bulk supply capability. Portland Cement in 50 kg specification.,Cement,OPC 53 Grade,50 kg,1639.2,meter,500,South India Materials,Salem,In Stock,3.8
P0931,PVC Resin,Plastic,Industrial quality product suitable for bulk commercial procurement. PVC Resin in 25 kg specification.,PVC,K67,25 kg,90.5,piece,500,Prime Traders,Coimbatore,In Stock,3.7
P0932,PET Packaging Bottle,Packaging,Reliable supplier-grade material for manufacturing and industrial use. PET Packaging Bottle in 1 L specification.,PET,Food Grade,1 L,5.41,piece,1000,Universal B2B Supplies,Kolkata,Limited Stock,5.0
P0933,Stretch Film Roll,Packaging,Reliable supplier-grade material for manufacturing and industrial use. Stretch Film Roll in 50 micron specification.,LLDPE,Industrial,50 micron,132.34,kg,1000,Sri Lakshmi Enterprises,Erode,In Stock,4.1
P0934,Lead Acid Automotive Battery,Automotive,Reliable supplier-grade material for manufacturing and industrial use. Lead Acid Automotive Battery in 55 Ah specification.,Lead Acid,Maintenance Free,55 Ah,9821.35,box,1000,Sri Lakshmi Enterprises,Erode,Limited Stock,4.5
P0935,LED Panel Light,Electrical,"Suitable for wholesale buyers, distributors, and regular business orders. LED Panel Light in 18W specification.",Aluminium,Commercial,18W,1703.53,kg,250,Universal B2B Supplies,Kolkata,In Stock,4.3
P0936,PVC Resin,Plastic,"Suitable for wholesale buyers, distributors, and regular business orders. PVC Resin in 1000 kg specification.",PVC,K67,1000 kg,180.01,piece,100,Evergreen Manufacturing,Ahmedabad,Limited Stock,3.6
P0937,PP Woven Sack,Packaging,Reliable supplier-grade material for manufacturing and industrial use. PP Woven Sack in 25 kg specification.,Polypropylene,Laminated,25 kg,233.94,piece,50,Universal B2B Supplies,Kolkata,Limited Stock,4.6
P0938,Citric Acid Powder,Chemicals,Quality-tested product with bulk supply capability. Citric Acid Powder in 25 kg specification.,Citric Acid,Food Grade,25 kg,226.53,meter,500,Techno Supply Co,Pune,In Stock,4.6
P0939,Industrial Air Compressor,Machinery,Reliable supplier-grade material for manufacturing and industrial use. Industrial Air Compressor in 15 HP specification.,Cast Iron,Reciprocating,15 HP,187747.93,piece,5,Universal B2B Supplies,Kolkata,Limited Stock,3.6
P0940,Corrugated Shipping Box,Packaging,Reliable supplier-grade material for manufacturing and industrial use. Corrugated Shipping Box in 24x18x12 inch specification.,Kraft Paper,5 Ply,24x18x12 inch,117.1,piece,1000,National Engineering Works,Hyderabad,Limited Stock,4.5
P0941,Citric Acid Powder,Chemicals,Industrial quality product suitable for bulk commercial procurement. Citric Acid Powder in 25 kg specification.,Citric Acid,Food Grade,25 kg,411.96,piece,500,Metro Industrial Supplies,Bengaluru,In Stock,4.6
P0942,Portland Cement,Construction Materials,Reliable supplier-grade material for manufacturing and industrial use. Portland Cement in 25 kg specification.,Cement,OPC 53 Grade,25 kg,1711.21,meter,500,South India Materials,Salem,In Stock,3.6
P0943,Stainless Steel Nut,Hardware,Quality-tested product with bulk supply capability. Stainless Steel Nut in M6 specification.,Stainless Steel,304,M6,1470.45,kg,250,Prime Traders,Coimbatore,In Stock,4.4
P0944,CNC Turning Machine,Machinery,"Suitable for wholesale buyers, distributors, and regular business orders. CNC Turning Machine in 2 Axis specification.",Cast Iron,CNC,2 Axis,163491.87,piece,2,Prime Traders,Coimbatore,In Stock,4.5
P0945,Industrial Air Compressor,Machinery,Quality-tested product with bulk supply capability. Industrial Air Compressor in 10 HP specification.,Cast Iron,Reciprocating,10 HP,244708.03,piece,5,Apex Components,Delhi,In Stock,3.5
P0946,HDPE Granules,Plastic,Quality-tested product with bulk supply capability. HDPE Granules in 25 kg specification.,HDPE,Injection Grade,25 kg,217.52,piece,10,Kaveri Industrial Solutions,Madurai,In Stock,4.5
P0947,PP Granules,Plastic,Reliable supplier-grade material for manufacturing and industrial use. PP Granules in 500 kg specification.,Polypropylene,Injection Grade,500 kg,299.99,meter,50,Kaveri Industrial Solutions,Madurai,In Stock,4.0
P0948,Engine Oil Filter,Automotive,Industrial quality product suitable for bulk commercial procurement. Engine Oil Filter in Medium specification.,Steel,OEM Grade,Medium,383.99,meter,10,Universal B2B Supplies,Kolkata,In Stock,4.9
P0949,PP Granules,Plastic,"Suitable for wholesale buyers, distributors, and regular business orders. PP Granules in 1000 kg specification.",Polypropylene,Injection Grade,1000 kg,111.39,meter,1000,Universal B2B Supplies,Kolkata,In Stock,3.6
P0950,Ceramic Wall Tile,Construction Materials,Industrial quality product suitable for bulk commercial procurement. Ceramic Wall Tile in 600x600 mm specification.,Ceramic,Glossy,600x600 mm,167.2,box,1000,Sri Lakshmi Enterprises,Erode,In Stock,5.0
P0951,Automotive Rubber Hose,Automotive,"Suitable for wholesale buyers, distributors, and regular business orders. Automotive Rubber Hose in 3/4 inch specification.",EPDM Rubber,Heat Resistant,3/4 inch,2183.5,kg,25,Techno Supply Co,Pune,In Stock,4.9
P0952,Automotive Rubber Hose,Automotive,"Suitable for wholesale buyers, distributors, and regular business orders. Automotive Rubber Hose in 1 inch specification.",EPDM Rubber,Heat Resistant,1 inch,5422.31,meter,500,Techno Supply Co,Pune,In Stock,4.4
P0953,Engine Oil Filter,Automotive,Industrial quality product suitable for bulk commercial procurement. Engine Oil Filter in Large specification.,Steel,OEM Grade,Large,8002.01,kg,25,Prime Traders,Coimbatore,In Stock,3.7
P0954,Polyester Fabric Roll,Textiles,Reliable supplier-grade material for manufacturing and industrial use. Polyester Fabric Roll in 2 m specification.,Polyester,Knitted,2 m,288.51,box,50,Techno Supply Co,Pune,Limited Stock,3.6
P0955,Calcium Carbonate Powder,Chemicals,Industrial quality product suitable for bulk commercial procurement. Calcium Carbonate Powder in 500 kg specification.,Calcium Carbonate,Industrial Grade,500 kg,456.65,meter,100,Apex Components,Delhi,In Stock,4.5
P0956,MCB Circuit Breaker,Electrical,"Suitable for wholesale buyers, distributors, and regular business orders. MCB Circuit Breaker in 6A specification.",Thermoplastic,B Curve,6A,1863.77,piece,500,Apex Components,Delhi,In Stock,4.1
P0957,LED Panel Light,Electrical,"Suitable for wholesale buyers, distributors, and regular business orders. LED Panel Light in 36W specification.",Aluminium,Commercial,36W,181.67,piece,10,South India Materials,Salem,In Stock,4.3
P0958,Lead Acid Automotive Battery,Automotive,"Suitable for wholesale buyers, distributors, and regular business orders. Lead Acid Automotive Battery in 35 Ah specification.",Lead Acid,Maintenance Free,35 Ah,7736.1,box,50,Global Trade Hub,Mumbai,In Stock,4.8
P0959,Cotton Grey Fabric,Textiles,Industrial quality product suitable for bulk commercial procurement. Cotton Grey Fabric in 44 inch specification.,Cotton,Greige,44 inch,414.18,piece,100,Prime Traders,Coimbatore,In Stock,3.8
P0960,Titanium Dioxide,Chemicals,"Suitable for wholesale buyers, distributors, and regular business orders. Titanium Dioxide in 25 kg specification.",Titanium Dioxide,Rutile Grade,25 kg,207.01,box,250,Techno Supply Co,Pune,In Stock,4.8
P0961,LED Panel Light,Electrical,Reliable supplier-grade material for manufacturing and industrial use. LED Panel Light in 36W specification.,Aluminium,Commercial,36W,941.51,meter,100,Sri Lakshmi Enterprises,Erode,In Stock,3.5
P0962,Engine Oil Filter,Automotive,"Suitable for wholesale buyers, distributors, and regular business orders. Engine Oil Filter in Large specification.",Steel,OEM Grade,Large,1840.64,box,10,Sri Lakshmi Enterprises,Erode,In Stock,4.5
P0963,Industrial Water Pump,Machinery,"Suitable for wholesale buyers, distributors, and regular business orders. Industrial Water Pump in 2 HP specification.",Cast Iron,Centrifugal,2 HP,592091.61,piece,2,Kaveri Industrial Solutions,Madurai,In Stock,4.9
P0964,Engine Oil Filter,Automotive,"Suitable for wholesale buyers, distributors, and regular business orders. Engine Oil Filter in Medium specification.",Steel,OEM Grade,Medium,10316.37,box,100,Apex Components,Delhi,In Stock,4.5
P0965,PP Granules,Plastic,"Suitable for wholesale buyers, distributors, and regular business orders. PP Granules in 25 kg specification.",Polypropylene,Injection Grade,25 kg,202.32,kg,500,Sri Lakshmi Enterprises,Erode,Limited Stock,4.7
P0966,MS Steel Plate,Steel,Industrial quality product suitable for bulk commercial procurement. MS Steel Plate in 5 mm specification.,Mild steel,IS 2062,5 mm,264.19,kg,100,Kaveri Industrial Solutions,Madurai,In Stock,4.9
P0967,MS Steel Plate,Steel,Quality-tested product with bulk supply capability. MS Steel Plate in 8 mm specification.,Mild steel,IS 2062,8 mm,447.86,kg,250,Metro Industrial Supplies,Bengaluru,In Stock,4.5
P0968,Engine Oil Filter,Automotive,"Suitable for wholesale buyers, distributors, and regular business orders. Engine Oil Filter in Small specification.",Steel,OEM Grade,Small,4499.55,piece,250,Prime Traders,Coimbatore,In Stock,4.1
P0969,CNC Turning Machine,Machinery,Reliable supplier-grade material for manufacturing and industrial use. CNC Turning Machine in 3 Axis specification.,Cast Iron,CNC,3 Axis,219326.19,piece,5,Prime Traders,Coimbatore,In Stock,3.9
P0970,Door Hinge,Hardware,Quality-tested product with bulk supply capability. Door Hinge in 4 inch specification.,Stainless Steel,Heavy Duty,4 inch,5.35,kg,1000,Metro Industrial Supplies,Bengaluru,In Stock,4.9
P0971,Automotive Brake Pad,Automotive,Industrial quality product suitable for bulk commercial procurement. Automotive Brake Pad in Rear specification.,Semi Metallic,OEM Grade,Rear,10202.97,kg,50,Evergreen Manufacturing,Ahmedabad,Limited Stock,4.0
P0972,Corrugated Shipping Box,Packaging,"Suitable for wholesale buyers, distributors, and regular business orders. Corrugated Shipping Box in 12x10x8 inch specification.",Kraft Paper,5 Ply,12x10x8 inch,223.1,piece,500,Global Trade Hub,Mumbai,In Stock,3.7
P0973,Stainless Steel Nut,Hardware,Industrial quality product suitable for bulk commercial procurement. Stainless Steel Nut in M6 specification.,Stainless Steel,304,M6,772.45,piece,500,Techno Supply Co,Pune,Limited Stock,3.5
P0974,Citric Acid Powder,Chemicals,Reliable supplier-grade material for manufacturing and industrial use. Citric Acid Powder in 50 kg specification.,Citric Acid,Food Grade,50 kg,218.44,box,100,South India Materials,Salem,In Stock,3.7
P0975,Industrial Bearing,Hardware,"Suitable for wholesale buyers, distributors, and regular business orders. Industrial Bearing in 6204 specification.",Chrome Steel,6200 Series,6204,531.9,box,50,Sri Lakshmi Enterprises,Erode,In Stock,3.7
P0976,Caustic Soda Flakes,Chemicals,Reliable supplier-grade material for manufacturing and industrial use. Caustic Soda Flakes in 25 kg specification.,Sodium Hydroxide,Industrial Grade,25 kg,239.48,box,10,South India Materials,Salem,In Stock,4.9
P0977,Caustic Soda Flakes,Chemicals,Quality-tested product with bulk supply capability. Caustic Soda Flakes in 50 kg specification.,Sodium Hydroxide,Industrial Grade,50 kg,297.56,piece,50,Kaveri Industrial Solutions,Madurai,Limited Stock,3.7
P0978,HDPE Granules,Plastic,Reliable supplier-grade material for manufacturing and industrial use. HDPE Granules in 25 kg specification.,HDPE,Injection Grade,25 kg,149.15,kg,1000,Sri Lakshmi Enterprises,Erode,In Stock,4.5
P0979,PET Packaging Bottle,Packaging,"Suitable for wholesale buyers, distributors, and regular business orders. PET Packaging Bottle in 1 L specification.",PET,Food Grade,1 L,6.97,box,250,Universal B2B Supplies,Kolkata,Limited Stock,3.6
P0980,CNC Turning Machine,Machinery,"Suitable for wholesale buyers, distributors, and regular business orders. CNC Turning Machine in 2 Axis specification.",Cast Iron,CNC,2 Axis,318962.91,piece,1,Universal B2B Supplies,Kolkata,In Stock,4.8
P0981,Industrial Polyester Yarn,Textiles,Reliable supplier-grade material for manufacturing and industrial use. Industrial Polyester Yarn in 20s specification.,Polyester,Spun,20s,671.04,kg,500,Kaveri Industrial Solutions,Madurai,In Stock,5.0
P0982,Ceramic Wall Tile,Construction Materials,Reliable supplier-grade material for manufacturing and industrial use. Ceramic Wall Tile in 300x450 mm specification.,Ceramic,Glossy,300x450 mm,246.81,kg,50,Prime Traders,Coimbatore,In Stock,4.1
P0983,Ceramic Wall Tile,Construction Materials,Reliable supplier-grade material for manufacturing and industrial use. Ceramic Wall Tile in 300x450 mm specification.,Ceramic,Glossy,300x450 mm,690.83,box,500,ABC Industries,Chennai,In Stock,4.0
P0984,Hex Bolt,Hardware,"Suitable for wholesale buyers, distributors, and regular business orders. Hex Bolt in M12 specification.",Carbon Steel,Grade 8.8,M12,79.38,piece,250,Apex Components,Delhi,In Stock,4.9
P0985,CNC Turning Machine,Machinery,Industrial quality product suitable for bulk commercial procurement. CNC Turning Machine in 3 Axis specification.,Cast Iron,CNC,3 Axis,129507.18,piece,1,ABC Industries,Chennai,In Stock,3.8
P0986,Door Hinge,Hardware,"Suitable for wholesale buyers, distributors, and regular business orders. Door Hinge in 5 inch specification.",Stainless Steel,Heavy Duty,5 inch,647.5,box,500,Prime Traders,Coimbatore,In Stock,4.0
P0987,HDPE Granules,Plastic,"Suitable for wholesale buyers, distributors, and regular business orders. HDPE Granules in 1000 kg specification.",HDPE,Injection Grade,1000 kg,247.21,piece,50,Techno Supply Co,Pune,In Stock,4.6
P0988,AAC Block,Construction Materials,Industrial quality product suitable for bulk commercial procurement. AAC Block in 600x200x100 mm specification.,Autoclaved Aerated Concrete,Grade 4,600x200x100 mm,503.95,meter,10,Apex Components,Delhi,In Stock,4.4
P0989,Portland Cement,Construction Materials,Quality-tested product with bulk supply capability. Portland Cement in 25 kg specification.,Cement,OPC 53 Grade,25 kg,1743.31,piece,25,Evergreen Manufacturing,Ahmedabad,In Stock,3.6
P0990,Automotive Rubber Hose,Automotive,Reliable supplier-grade material for manufacturing and industrial use. Automotive Rubber Hose in 3/4 inch specification.,EPDM Rubber,Heat Resistant,3/4 inch,5769.25,piece,250,Universal B2B Supplies,Kolkata,In Stock,3.7
P0991,Hydraulic Press Machine,Machinery,Industrial quality product suitable for bulk commercial procurement. Hydraulic Press Machine in 100 Ton specification.,Steel,Hydraulic,100 Ton,539574.99,piece,2,Global Trade Hub,Mumbai,Limited Stock,3.6
P0992,Industrial Air Compressor,Machinery,"Suitable for wholesale buyers, distributors, and regular business orders. Industrial Air Compressor in 5 HP specification.",Cast Iron,Reciprocating,5 HP,182635.47,piece,1,Evergreen Manufacturing,Ahmedabad,In Stock,4.9
P0993,Carbon Steel Pipe,Steel,Quality-tested product with bulk supply capability. Carbon Steel Pipe in 4 inch specification.,Carbon steel,IS 2062,4 inch,333.34,kg,25,Kaveri Industrial Solutions,Madurai,Limited Stock,4.3
P0994,Industrial Water Pump,Machinery,Reliable supplier-grade material for manufacturing and industrial use. Industrial Water Pump in 10 HP specification.,Cast Iron,Centrifugal,10 HP,143981.64,piece,1,National Engineering Works,Hyderabad,In Stock,4.4
P0995,MS Steel Plate,Steel,"Suitable for wholesale buyers, distributors, and regular business orders. MS Steel Plate in 8 mm specification.",Mild steel,IS 2062,8 mm,395.42,box,500,National Engineering Works,Hyderabad,In Stock,3.8
P0996,Carbon Steel Pipe,Steel,"Suitable for wholesale buyers, distributors, and regular business orders. Carbon Steel Pipe in 3 inch specification.",Carbon steel,IS 2062,3 inch,316.66,box,25,ABC Industries,Chennai,In Stock,4.5
P0997,Polyester Fabric Roll,Textiles,"Suitable for wholesale buyers, distributors, and regular business orders. Polyester Fabric Roll in 2 m specification.",Polyester,Knitted,2 m,121.09,box,500,Prime Traders,Coimbatore,In Stock,3.6
P0998,Automotive Rubber Hose,Automotive,Industrial quality product suitable for bulk commercial procurement. Automotive Rubber Hose in 1 inch specification.,EPDM Rubber,Heat Resistant,1 inch,4988.86,box,50,Sri Lakshmi Enterprises,Erode,In Stock,4.7
P0999,Cotton Grey Fabric,Textiles,Quality-tested product with bulk supply capability. Cotton Grey Fabric in 44 inch specification.,Cotton,Greige,44 inch,877.85,kg,500,National Engineering Works,Hyderabad,In Stock,4.8
P1000,Ceramic Wall Tile,Construction Materials,Quality-tested product with bulk supply capability. Ceramic Wall Tile in 300x600 mm specification.,Ceramic,Glossy,300x600 mm,590.43,piece,250,Metro Industrial Supplies,Bengaluru,In Stock,4.2
